{
  "All": [
    {
      "State": "Rajasthan",
      "AO": "Bikaner",
      "Name": "Balaji Tractor Company",
      "Location": "Bikaner",
      "District": "Bikaner",
      "Address": "Near Subash Petrol Pump, Jaipur Road,  BIKANER-334001",
      "Contact": "Ram Laxman Godara ",
      "Mob": "9414140237/\r\n9983399724",
      "Email": "bikaner@mahindrafes.com"
    },
    {
      "State": "Rajasthan",
      "AO": "Bikaner",
      "Name": "Radhey Motors",
      "Location": "Kolayat",
      "District": "Bikaner",
      "Address": "Techari Phanta, NH- 15, Opp. Petrol Pump,  Kolayat-334302",
      "Contact": "Bhanwar Lal Godara ",
      "Mob": "9413388250/\r\n9414968945",
      "Email": "kolayat@mahindrafes.com"
    },
    {
      "State": "Rajasthan",
      "AO": "Bikaner",
      "Name": "Shree Balaji Tractors",
      "Location": "Lunkaransar",
      "District": "Bikaner",
      "Address": "Sriganganagar Road, NH- 15,  Lunkaransar-334603",
      "Contact": "Ashu Ram Choudhary",
      "Mob": "9414146120/\r\n9252060146/\r\n9252830966",
      "Email": "balajilks@rediffmail.com"
    },
    {
      "State": "Rajasthan",
      "AO": "Bikaner",
      "Name": "Saharan Enterprises",
      "Location": "Rawatsar",
      "District": "Hanumangarh",
      "Address": "Vill. 24 DWD, Sardarshahar Road, Rawatsar-335524",
      "Contact": "Hansraj Saharan",
      "Mob": "9414509966/\r\n9571126100/\r\n9829337269",
      "Email": "rawatsar@mahindrafes.com"
    },
    {
      "State": "Rajasthan",
      "AO": "Bikaner",
      "Name": "New Brar Enterprises",
      "Location": "Sriganganagar",
      "District": "Sriganganagar",
      "Address": "Near Shiv Circle, Suratgarh Road, Sriganganagar-335001",
      "Contact": "Kuldeep Singh Brar",
      "Mob": "9414022000",
      "Email": "nbe82@rediffmail.com"
    },
    {
      "State": "Rajasthan",
      "AO": "Bikaner",
      "Name": "Rahul Tractors",
      "Location": "Suratgarh",
      "District": "Sriganganagar",
      "Address": "Indira Circle, Ganganagar Road, Suratgarh-335804",
      "Contact": "Rajender Sihag",
      "Mob": "9414381241",
      "Email": "rahultractor@yahoo.in"
    },
    {
      "State": "Rajasthan",
      "AO": "Jaipur",
      "Name": "Shree Vinayak Tractors",
      "Location": "Kishangarh",
      "District": "Ajmer",
      "Address": "Handicrafts Market, Near Airpot, Madanganj, Kishangarh - 305801, Dist - Ajmer",
      "Contact": "Ram Chandra Godara",
      "Mob": "9413360770",
      "Email": "vtsmahindra@gmail.com"
    },
    {
      "State": "Rajasthan",
      "AO": "Jaipur",
      "Name": "Krishna Agency",
      "Location": "Ajmer",
      "District": "Ajmer",
      "Address": "Parbatpura Byepass,Jaipur Road,,Ajmer-305001,Dist -Ajmer",
      "Contact": "Pradeep Kumar Dadheech",
      "Mob": "9414048833 / 7742607007 / 9972053322",
      "Email": "pk.dadheech@gmail.com"
    },
    {
      "State": "Rajasthan",
      "AO": "Jaipur",
      "Name": "Sunidhi Tractors",
      "Location": "Alwar",
      "District": "Alwar",
      "Address": "Jai Marg Over bridge, Pratap Bass, Alwar - 301001 ,Dist- Alwar",
      "Contact": "Sumit Shukla",
      "Mob": "9828521601",
      "Email": "sumitshukla8055@gmail.com"
    },
    {
      "State": "Rajasthan",
      "AO": "Jaipur",
      "Name": "Kalptaru Automotives",
      "Location": "Jaipur",
      "District": "Jaipur",
      "Address": "10, Banshi Tower,Keshopura,Bhankrota, Ajmer Road,Jaipur - 302021",
      "Contact": "Raje Singh Bisht",
      "Mob": "9829045166",
      "Email": "ersbisht@gmail.com"
    },
    {
      "State": "Rajasthan",
      "AO": "Jaipur",
      "Name": "Sanu Motors",
      "Location": "Kothputli",
      "District": "Jaipur",
      "Address": "N.H.8, Near RTM, Kothputli-303108",
      "Contact": "Neeraj Yadav ",
      "Mob": "9982633345/\r\n9672982021/\r\n9828110345",
      "Email": "sanutractors@yahoo.co.in"
    },
    {
      "State": "Rajasthan",
      "AO": "Jodhpur",
      "Name": "Aapeshwar Motors",
      "Location": "Jalore",
      "District": "Jalore",
      "Address": "Near Krishi Mandi, Ahore Road, Jalore-343001",
      "Contact": "Bhagwana Ram",
      "Mob": "9414151168",
      "Email": "aapeshwarmotors1@rediffmail.com"
    },
    {
      "State": "Rajasthan",
      "AO": "Jodhpur",
      "Name": "Shree Naval Tractors",
      "Location": "Jodhpur",
      "District": "Jodhpur",
      "Address": "W5, Ricco Industrial Area, 9 Meal Mandor Industrial Area, Jodhpur - 342001, Dist - Jodhpur",
      "Contact": "Shree Narendra Singh",
      "Mob": "9983148930",
      "Email": "nrathore1857@gmail.com"
    },
    {
      "State": "Rajasthan",
      "AO": "Jodhpur",
      "Name": "Shri Ranabai Tractors & Motors",
      "Location": "Kuchaman City",
      "District": "Nagaur",
      "Address": "Near Kumawat Bhavan, Station Road, Kuchaman City  -341508, Dist - Nagaur",
      "Contact": "Omprakash",
      "Mob": "8107142393",
      "Email": "shreeranabaitractors@gmail.com"
    },
    {
      "State": "Rajasthan",
      "AO": "Kota",
      "Name": "Ambika Enterprises",
      "Location": "Chippabadot",
      "District": "Baran",
      "Address": "Yadav Mohalla, Iklera Road, Chippabadot-325221",
      "Contact": "Upendra Kumar Sharma",
      "Mob": "9829253142",
      "Email": "yogesh.gautam03@gmail.com"
    },
    {
      "State": "Rajasthan",
      "AO": "Kota",
      "Name": "Shri Ram Tractors Sales & Services",
      "Location": "Baran",
      "District": "Baran",
      "Address": "Near Ambedkar Circle, Atru Road,  Baran-325302",
      "Contact": "Mr. Kaushal Kishor Singhal",
      "Mob": "9983338142",
      "Email": "singhal06_brn@rediffmail.com"
    },
    {
      "State": "Rajasthan",
      "AO": "Kota",
      "Name": "Bundi Mahindra Tractors",
      "Location": "Bundi",
      "District": "Bundi",
      "Address": "New Grain Mandi Road, Bundi-323001",
      "Contact": "Shri Gopal Nuwal",
      "Mob": "9983875000",
      "Email": "bundimahindratractors@gmail.com"
    },
    {
      "State": "Rajasthan",
      "AO": "Kota",
      "Name": "Gupta & Mahindra Tractors",
      "Location": "Jhalawar",
      "District": "Jhalawar",
      "Address": "Satyam Tower, Bhopal Bypass Road, Jhalrapatan-326023, Dist. Jhalawar",
      "Contact": "Raj Kumar Gupta",
      "Mob": "9414193546",
      "Email": "guptatractors@gmail.com"
    },
    {
      "State": "Rajasthan",
      "AO": "Kota",
      "Name": "Yadav Tractors",
      "Location": "Kota",
      "District": "Kota",
      "Address": "F-316, IPIA Road No.6, Bhamashah Krishi Upaj Mandi, Kota-324005",
      "Contact": "Ramesh Kumar Yadav",
      "Mob": "9414188396/9829335444",
      "Email": "yadavtractors_kota@yahoo.com"
    },
    {
      "State": "Rajasthan",
      "AO": "Kota",
      "Name": "Shri Agrasain Tractor and Motors",
      "Location": "Bonli",
      "District": "Sawai Madhopur",
      "Address": "Newai Road,Bonli-322023,Dist -Sawai Madhopur",
      "Contact": "Vinod Kumar Garg",
      "Mob": "9001519339",
      "Email": "agrasaintractorsbonli@gmail.com"
    },
    {
      "State": "Rajasthan",
      "AO": "Kota",
      "Name": "Satyam Tractors",
      "Location": "Todaraisingh",
      "District": "Tonk",
      "Address": "Dhakar Colony,Near Chungi Naka,Jaipur Road,Todaraisingh-304505,Dist -Tonk",
      "Contact": "Tej Singh Naruka",
      "Mob": "9829084499",
      "Email": "tej.naruka@yahoo.com"
    },
    {
      "State": "Rajasthan",
      "AO": "Kota",
      "Name": "Singhal Tractors",
      "Location": "Tonk",
      "District": "Tonk",
      "Address": "Singhal Dweep, Kota Road, Tonk-304001",
      "Contact": "Mr. Rajeev Singhal ",
      "Mob": "9414204167/9414045167",
      "Email": "amitsinghalfms@gmail.com"
    },
    {
      "State": "Rajasthan",
      "AO": "Udaipur",
      "Name": "New Bhagyodaya Stores",
      "Location": "Banswara",
      "District": "Banswara",
      "Address": "Opp. Old Octroi, Ratlam Road, Banswara-327001",
      "Contact": "Dharnidhar Pandya ",
      "Mob": "9414101225",
      "Email": "banswara@mahindrafes.com"
    },
    {
      "State": "UP  East",
      "AO": "New Delhi - Potato Belt",
      "Name": "Kamal International",
      "Location": "Etah",
      "District": "Etah",
      "Address": "100, Arun Nagar, Etah-207001",
      "Contact": "Gaurav Kumar",
      "Mob": "9219507539",
      "Email": "kamalinternationaletah@gmail.com"
    },
    {
      "State": "UP  East",
      "AO": "New Delhi - Sugarcane Belt",
      "Name": "Kumar Motors",
      "Location": "Bijnor",
      "District": "Bijnor",
      "Address": "Civil Lines, Opp. Kotwali, Station Road,  Bijnore-246701",
      "Contact": "Narendra Singh",
      "Mob": "9837793336",
      "Email": "kumarmotorssales@gmail.com"
    },
    {
      "State": "UP  East",
      "AO": "New Delhi - Sugarcane Belt",
      "Name": "Kisan Automobiles",
      "Location": "Ghaziabad",
      "District": "Ghaziabad",
      "Address": "8-SADDIK NAGAR, Meerut Road, OPP JAIN TUBE COMPOUND, Ghaziabad-201001",
      "Contact": "Arjun Singh",
      "Mob": "9310996035",
      "Email": "kisan.ghaziabad@gmail.com"
    },
    {
      "State": "UP  East",
      "AO": "New Delhi - Sugarcane Belt",
      "Name": "Bharat Diesels",
      "Location": "Jwalapur",
      "District": "Haridwar",
      "Address": "Manav Kunj, Bye Pass Road, Jwalapur-249407",
      "Contact": "Ashok Kumar",
      "Mob": "9837064662",
      "Email": "bharatdiesels01@gmail.com"
    },
    {
      "State": "UP  East",
      "AO": "New Delhi - Sugarcane Belt",
      "Name": "Shree Shiv Shakti Motors",
      "Location": "Meerat",
      "District": "Meerut",
      "Address": "NH -58, Near Modi Puram Check Post, Meerut Bye Pass Road, Meerat-250105, Dist - Meerut",
      "Contact": "Rajendra Mehta",
      "Mob": "9719501234",
      "Email": "meerut@mahindrafes.com"
    },
    {
      "State": "UP  East",
      "AO": "New Delhi - Sugarcane Belt",
      "Name": "S. M. Distributors",
      "Location": "Moradabad",
      "District": "Moradabad",
      "Address": "Near Hanuman Murti, Bye pass Tiraha, Moradabad-244001",
      "Contact": "Mr. Mayank Garg",
      "Mob": "9837773257",
      "Email": "sm.mayankgarg88@gmail.com"
    },
    {
      "State": "UP  East",
      "AO": "New Delhi - Sugarcane Belt",
      "Name": "Noor Motors",
      "Location": "Bilaspur",
      "District": "Rampur",
      "Address": "Mathkhera  Road,Bilaspur-244921,Dist-Rampur",
      "Contact": "Murshid Ali",
      "Mob": "9927056576/8755557786",
      "Email": "noormotors@yahoo.com"
    },
    {
      "State": "UP  East",
      "AO": "New Delhi - Sugarcane Belt",
      "Name": "S. M. G. Tractors",
      "Location": "Saharanpur",
      "District": "Saharanpur",
      "Address": "Chilkana Road, Saharanpur-247001, Dist. Saharanpur",
      "Contact": "Mr. Arvind Goyal",
      "Mob": "9997788200",
      "Email": "smgtractorssre@yahoo.com"
    },
    {
      "State": "UP  West",
      "AO": "Lucknow - Bundelkhand",
      "Name": "Shri Kamadgiri Tractors",
      "Location": "Karwi",
      "District": "Chitrakoot",
      "Address": "Indian Oil petrol Pump, At & Po Karwi, Purani Bazzar,  Karwi-210205",
      "Contact": "Vivek Kumar Agrawal",
      "Mob": "9415143086 /8090448486",
      "Email": "vivekagrawal1964@yahoo.co.in"
    },
    {
      "State": "UP  West",
      "AO": "Lucknow - Bundelkhand",
      "Name": "Singh Automobiles",
      "Location": "Fatehpur",
      "District": "Fatehpur",
      "Address": "371, Hariharganj, Banda - Sagar Road, Fatehpur-212601",
      "Contact": "Mr. Dharmendra Singh Bhadauria",
      "Mob": "9554539000\\ 9554519000",
      "Email": "singhtractor@gmail.com"
    },
    {
      "State": "UP  West",
      "AO": "Lucknow - Bundelkhand",
      "Name": "Balaji Tractors",
      "Location": "Konch",
      "District": "Jalaun",
      "Address": "Near Minsif Court,Orai Road, Konch-285205,Dist- Jalaun",
      "Contact": "Mr. Manoj Kumar Patel",
      "Mob": "9415414129",
      "Email": "balajitractorskonch@gmail.com"
    },
    {
      "State": "UP  West",
      "AO": "Lucknow - Bundelkhand",
      "Name": "Shri Babaji Tractors",
      "Location": "Orai",
      "District": "Jalaun",
      "Address": "4386 / 1, Patel Nagar, Kalpi Road, Orai-285001, Dist - Jalaun",
      "Contact": "Hevendra Singh",
      "Mob": "7379377777",
      "Email": "shreebabajitractorsorai@rediffmail.com"
    },
    {
      "State": "UP  West",
      "AO": "Lucknow - Bundelkhand",
      "Name": "Dhruv Tara Automobiles Pvt. Ltd.",
      "Location": "Mauranipur",
      "District": "Jhansi",
      "Address": "Nagaria Parisar, Jhansi-Khajuraho Road, Mauranipur-284204",
      "Contact": "Janardan Nagaria",
      "Mob": "9415030951",
      "Email": "dhruvataramau@rediffmail.com"
    },
    {
      "State": "UP  West",
      "AO": "Lucknow - Bundelkhand",
      "Name": "Mukhraiya Automobiles",
      "Location": "Moth",
      "District": "Jhansi",
      "Address": "Main Road, Moth-284303, Dist-Jhansi",
      "Contact": "Hare Krishna Mukhraiya",
      "Mob": "9415187338",
      "Email": "hkmukhariya@rediffmail.com"
    },
    {
      "State": "UP  West",
      "AO": "Lucknow - Bundelkhand",
      "Name": "Anandeshwar Tractors",
      "Location": "Kannauj",
      "District": "Kannauj",
      "Address": "Tirwa Crossing, Kannauj-209727,Dist. Kannauj",
      "Contact": "Kush Kumar Dwivedi",
      "Mob": "8009574200, 8009574200",
      "Email": "anandeshwartractor@gmail.com"
    },
    {
      "State": "UP  West",
      "AO": "Lucknow - Bundelkhand",
      "Name": "Vinayak Motors",
      "Location": "Akbarpur",
      "District": "Kanpur Dehat",
      "Address": "Ward No.6,Mohalla Neharu Nagar,Block Road,Akbarpur-209101,Dist -Kanpur Dehat",
      "Contact": "Vijay Kumar Gupta",
      "Mob": "9415536066",
      "Email": "vinayakmotors8@gmail.com"
    },
    {
      "State": "UP  West",
      "AO": "Lucknow - Bundelkhand",
      "Name": "S.S Tractors ",
      "Location": "Bhognipur",
      "District": "Kanpur Dehat",
      "Address": "Main Road, Bhognipur-209111, Dist -Kanpur Dehat",
      "Contact": "Manmohan Singh Saluja",
      "Mob": "9415537804, 9935111555",
      "Email": "sstractors@gmail.com"
    },
    {
      "State": "UP  West",
      "AO": "Lucknow - Central",
      "Name": "Aryan Motors",
      "Location": "Barabanki",
      "District": "Barabanki",
      "Address": "Palhari Chouraha, Faizabad Road, Barabanki-226001, Dist - Barabanki",
      "Contact": "Mr. Virender Singh ",
      "Mob": "9415139647/7704045857/9026507176",
      "Email": "aryanmotorsbbk@gmail.com"
    },
    {
      "State": "UP  West",
      "AO": "Lucknow - Central",
      "Name": "Bhatti Tractors",
      "Location": "Fatehpur",
      "District": "Barabanki",
      "Address": "Hariyali Complex, Tehsil Road, Fatehpur - 225305, Dist Barabanki",
      "Contact": "Mohd Rashid",
      "Mob": "8860593230",
      "Email": "rashid.khan04@gmail.com"
    },
    {
      "State": "UP  West",
      "AO": "Lucknow - Central",
      "Name": "Shakti Agencies",
      "Location": "Raebareli",
      "District": "Raebareli",
      "Address": "Civil Lines, Raebarielly-229001",
      "Contact": "Sanjay Sabarwal",
      "Mob": "9415034084\\9044927695",
      "Email": "sanjayrbl123@gmail.com"
    },
    {
      "State": "UP  West",
      "AO": "Lucknow - Central",
      "Name": "Shri Siddhi Vinayak Tractors",
      "Location": "Mahmudabad",
      "District": "Sitapur",
      "Address": "Nai Bazar ,Biswan Road,,Mahmudabad-261203,Dist -Sitapur",
      "Contact": "Anil Kumar Awasthi",
      "Mob": "8887683858",
      "Email": "shrivinayak.mahindra@gmail.com"
    },
    {
      "State": "UP  West",
      "AO": "Lucknow - Central",
      "Name": "Anant Automobile",
      "Location": "Unnao",
      "District": "Unnao",
      "Address": "Village - Baktu Khera, Post - Ajgain, Unnao - 209801, Dist. Unnao",
      "Contact": "Rishi Pratap Singh ",
      "Mob": "9936609106",
      "Email": "annantautomobile@gmail.com"
    },
    {
      "State": "UP  West",
      "AO": "Lucknow - West",
      "Name": "Deo Tractors",
      "Location": "Harraiya ",
      "District": "Basti",
      "Address": "NH - 25,Vill - Atwa,,Harraiya -272003,Dist-Basti",
      "Contact": "Awdhesh Singh ",
      "Mob": "9415037148",
      "Email": "devagro5151@gmail.com"
    },
    {
      "State": "UP  West",
      "AO": "Lucknow - West",
      "Name": "Sunil Tractor",
      "Location": "Salempur",
      "District": "Deoria",
      "Address": "Village and Post - Haraiya, Salempur-274509, Dist - Deoria",
      "Contact": "Ramavati Devi",
      "Mob": "9838212146",
      "Email": "suniltractors3668@gmail.com"
    },
    {
      "State": "UP  West",
      "AO": "Lucknow - West",
      "Name": "Geeta Tractors",
      "Location": "Faizabad",
      "District": "Faizabad",
      "Address": "10, Station Road, Faizabad-224001",
      "Contact": "Shyam pal Chopra",
      "Mob": "9415047687",
      "Email": "gaganchopra1431@gmail.com"
    },
    {
      "State": "UP  West",
      "AO": "Lucknow - West",
      "Name": "N. K. Enterprises",
      "Location": "Gonda",
      "District": "Gonda",
      "Address": "Ambedkar Chouraha, Civil Lines, Gonda - 271001",
      "Contact": "Ghanshyam Shukla",
      "Mob": "9984914233",
      "Email": "nkinterprises222@gmail.com"
    },
    {
      "State": "UP  West",
      "AO": "Lucknow - West",
      "Name": "Om Shree Sadguru Tractors",
      "Location": "Wazirganj",
      "District": "Gonda",
      "Address": "Faizabad - Gonda Road,Tehsil - Tarabganj,Wajirganj-271124,Dist -Gonda",
      "Contact": "Sushil Kumar Jaiswal",
      "Mob": "9839461051",
      "Email": "omshreesadgurutractors@gmail.com"
    },
    {
      "State": "UP  West",
      "AO": "Lucknow - West",
      "Name": "Sarita Tractors",
      "Location": "Gorakhpur",
      "District": "Gorakhpur",
      "Address": "NH-28,,Near Taramandal Road,,Gorakhpur - 273016,Dist -Gorakhpur",
      "Contact": "Vijay Kumar Dubey",
      "Mob": "9839128105",
      "Email": "vijaydubey2072@gmail.com"
    },
    {
      "State": "UP  West",
      "AO": "Lucknow - West",
      "Name": "Seorahi Tractors",
      "Location": "Seorahi",
      "District": "Kushinagar",
      "Address": "Ward No. 10, Azad Nagar, Seorahi -274406, Dist - Kushinagar",
      "Contact": "Museer Ahmad ",
      "Mob": "9919352086",
      "Email": "ahmadzahir786@gmail.com"
    },
    {
      "State": "UP  West",
      "AO": "Lucknow - West",
      "Name": "Pandey Automobiles",
      "Location": "Maharajganj",
      "District": "Maharajganj",
      "Address": "Shashtri Nagar,Ward No. 19,Plot no.35,Maharajganj - 273303,Dist -Maharajganj",
      "Contact": "Kapil Dev pandey",
      "Mob": "8400733441",
      "Email": "psujeet1992@gmail.com"
    },
    {
      "State": "UP  West",
      "AO": "Lucknow - West",
      "Name": "Singh Automobiles",
      "Location": "Itwabazaar",
      "District": "Siddharth Nagar",
      "Address": "Itwa-Bansi Road, ItwaBazaar-272192",
      "Contact": "Mr. Udai Pratap Singh",
      "Mob": "9450553684",
      "Email": "singhautomobilesitwa@gmail.com"
    },
    {
      "State": "UP  West",
      "AO": "Varanasi",
      "Name": "National Tractors",
      "Location": "Azamgarh",
      "District": "Azamgarh",
      "Address": "Civil Line,Near Roadways, Azamgarh-276001,Dist - Azamgarh",
      "Contact": "Parvez Ahmad Khan",
      "Mob": "9984669045",
      "Email": "mahindra.azamgarh@gmail.com"
    },
    {
      "State": "UP  West",
      "AO": "Varanasi",
      "Name": "Shresth Tractors",
      "Location": "Maharajganj",
      "District": "Azamgarh",
      "Address": "Kasba & Post - Maharajganj,Tehsil - Sagri,Maharajganj-276137 Dist -Azamgarh",
      "Contact": "Anita Jaiswal",
      "Mob": "9554968165 / 9554968167",
      "Email": "shresthtractors@rediffmail.com"
    },
    {
      "State": "UP  West",
      "AO": "Varanasi",
      "Name": "Shubham Enterprises",
      "Location": "Chandauli",
      "District": "Chandauli",
      "Address": "NH-2,Bharathi Kamraur,Naubatpur,Chandauli-232110, Dist - Chandauli",
      "Contact": "Mahendra Kumar ",
      "Mob": "9670516161 / 7408404248",
      "Email": "shubham.enterprises61@gmail.com"
    },
    {
      "State": "UP  West",
      "AO": "Varanasi",
      "Name": "Bharat Enterprises",
      "Location": "Jaunpur",
      "District": "Jaunpur",
      "Address": "Near TDM office, Faizabad , Jaunpur - 222002",
      "Contact": "pramod Kumar Singh",
      "Mob": "9838506884",
      "Email": "enterprises.bharat07@gmail.com"
    },
    {
      "State": "UP  West",
      "AO": "Varanasi",
      "Name": "Vimla Tractors",
      "Location": "Mau",
      "District": "Mau",
      "Address": "In front of S.P. Office,Mill Road, Pardahan,Maunath Bhanjan,Mau-275101,Dist -Mau",
      "Contact": "Madhwendra Bahadur Singh",
      "Mob": "7309744181",
      "Email": "tractorvimala523@gmail.com"
    },
    {
      "State": "UP  West",
      "AO": "Varanasi",
      "Name": "Ajit Auto Sales",
      "Location": "Bhadohi",
      "District": "Sant Ravidas Nagar",
      "Address": "Patel Nagar, Gyanpur S R N, Bhadohi - 221401, Dist -Sant Ravidas Nagar ",
      "Contact": "Ajit Kumar Singh",
      "Mob": "9935888788",
      "Email": "ajitautosales@gmail.com"
    },
    {
      "State": "UP  West",
      "AO": "Varanasi",
      "Name": "Raj Automobiles",
      "Location": "Duddhi",
      "District": "Sonbhadra",
      "Address": "Ward No.2, Main Road, Duddhi - 231208, Dist - Sonebhadra",
      "Contact": "Rajesh Kumar",
      "Mob": "9415251791",
      "Email": "rajeshsingh.mahindra@gmail.com"
    },
    {
      "State": "Madhya Pradesh",
      "AO": "Bhopal",
      "Name": "Win Win Automobiles Pvt. Ltd.",
      "Location": "Berasia",
      "District": "Bhopal",
      "Address": "Ward No-12, Patel Market, Narsinghgarh Road, Berasia - 462001, Dist - Bhopal",
      "Contact": "Virendra Singh",
      "Mob": "9200026492",
      "Email": "singh.virendra@winwinauto.in"
    },
    {
      "State": "Madhya Pradesh",
      "AO": "Bhopal",
      "Name": "Deep Motors",
      "Location": "Burhanpur",
      "District": "Burhanpur",
      "Address": "Khasra No 257/8,Near Tapti Bridge,Amravati Road, Jainabad,Burhanpur-450331,Dist -Burhanpur",
      "Contact": "Arif Khan",
      "Mob": "7898951177 /\r\n7773839229",
      "Email": "deepsteelcompany1@yahoo.com"
    },
    {
      "State": "Madhya Pradesh",
      "AO": "Bhopal",
      "Name": "Tirupati Enterprises",
      "Location": "Itarasi",
      "District": "Hoshangabad",
      "Address": "Pipal Mohalla, Near Hanuman Mandir, Hoshangabad Road, Itarasi - 461111, Dist. Hoshangabad",
      "Contact": "Mayapati Tiwari",
      "Mob": "8650311111",
      "Email": "neerajtiwarirawpl@gmail.com"
    },
    {
      "State": "Madhya Pradesh",
      "AO": "Bhopal",
      "Name": "Anand Motors",
      "Location": "Hoshangabad",
      "District": "Hoshangabad",
      "Address": "Commissioner Colony,Babai Road,Hoshangabad-461001,Dist-Hoshangabad",
      "Contact": "Anand Pandey ",
      "Mob": "9827583325",
      "Email": "anandjipandey@gmail.com"
    },
    {
      "State": "Madhya Pradesh",
      "AO": "Bhopal",
      "Name": "Tirupati Enterprises",
      "Location": "Khandwa",
      "District": "Khandwa",
      "Address": "116/2 & 117/2,Juni Indore Line,Bypass Road,Khandwa-452001,Dist -Khandwa",
      "Contact": "Neeraj Tiwari",
      "Mob": "8650311111/ 9675177777",
      "Email": "mayapati@gmail.com"
    },
    {
      "State": "Madhya Pradesh",
      "AO": "Bhopal",
      "Name": "Aastha Tractors",
      "Location": "Raisen",
      "District": "Raisen",
      "Address": "Near Toll Plaza, Sagar Road, Raisen - 464551",
      "Contact": "Rajkumar Dubey",
      "Mob": "9993951560",
      "Email": "asthatractormahindra@gmail.com"
    },
    {
      "State": "Madhya Pradesh",
      "AO": "Bhopal",
      "Name": "Shri Balaji Motors and Tractors",
      "Location": "Silwani",
      "District": "Raisen",
      "Address": "00, Udaypura Road Silwani,,,Silwani-464886,Dist -Raisen",
      "Contact": "Pradeep Kumar Raghuwanshi",
      "Mob": "9893611500",
      "Email": "prankalp2004@gmail.com"
    },
    {
      "State": "Madhya Pradesh",
      "AO": "Bhopal",
      "Name": "Malaiya Tractors",
      "Location": "Sagar",
      "District": "Sagar",
      "Address": "Tilakganj Station Road  Sagar-470002",
      "Contact": "Kapil Malaiya",
      "Mob": "7440447503",
      "Email": "kapilmalaiya@yahoo.com"
    },
    {
      "State": "Madhya Pradesh",
      "AO": "Bhopal",
      "Name": "Shiv Shakti Traders",
      "Location": "Khurai",
      "District": "Sagar",
      "Address": "Rajput Bhusa Mandi Appu Building Khurai-470017",
      "Contact": "Narendra Singh",
      "Mob": "9826866988",
      "Email": "shivshaktitraders006@gmail.com"
    },
    {
      "State": "Madhya Pradesh",
      "AO": "Bhopal",
      "Name": "Pandit Paltooram Motors",
      "Location": "Ganjbasoda",
      "District": "Vidisha",
      "Address": "Mahaveer Marg, Nehru Chowk, Ganjbasoda - 464221",
      "Contact": "Vipin Jain",
      "Mob": "9425432145",
      "Email": "paltoorammotors.mahindra@yahoo.com"
    },
    {
      "State": "Madhya Pradesh",
      "AO": "Bhopal",
      "Name": "Siyaram Agro Tech",
      "Location": "Vidisha",
      "District": "Vidisha",
      "Address": "SH-19, In front of Choupal Sagar,Gram - Besh,Ashok Nagar Road,Vidisha-464001,Dist -Vidisha",
      "Contact": "Surendra Singh Raghuvanshi",
      "Mob": "9827278407",
      "Email": "siyaramagrotech.vds@gmail.com"
    },
    {
      "State": "Madhya Pradesh",
      "AO": "Bhopal",
      "Name": "Krishna Tractors",
      "Location": "Sehore",
      "District": "Sehore",
      "Address": "599, MPEB Road,,,Sehore-466001,Dist -Sehore",
      "Contact": "Jitendra Agrawal",
      "Mob": "8878477700",
      "Email": "krishnatractors.sehore@gmail.com"
    },
    {
      "State": "Madhya Pradesh",
      "AO": "Bhopal",
      "Name": "Maikalsuta Tractors",
      "Location": "Bareli",
      "District": "Raisen",
      "Address": "00,N.H.12 J.J. Road,Tah Bareli,,Bareli-464668,Dist -Raisen",
      "Contact": "Brajendra Singh",
      "Mob": "9977555111 , 9981223291",
      "Email": "shivbareli9@gmail.com ; choudharysales786@gmail.com"
    },
    {
      "State": "Madhya Pradesh",
      "AO": "Bhopal",
      "Name": "Yash Tractor",
      "Location": "Harda",
      "District": "Harda",
      "Address": "NH 59A,,Opp-Khatri Marriage Garden,Indore Road,Harda-461331,Dist -Harda",
      "Contact": "Om Prakash Jat",
      "Mob": "9826742302 , 9826988312",
      "Email": "yashft.harda@gmail.com"
    },
    {
      "State": "Madhya Pradesh",
      "AO": "Bhopal",
      "Name": "Tirupati Enterprises",
      "Location": "Pipariya",
      "District": "Hoshangabad",
      "Address": "In front of Aanandbhumi,Shobhapur Road,Village - Hathvas,Pipariya-461775,Dist -Hoshangabad",
      "Contact": "Kiran Tiwari",
      "Mob": "9675177777, 8650311111 , 9720199999",
      "Email": "neerajtiwarirawpl@gmail.com ; mayapati@gmail.com ; kiranmntiwari@gmail.com"
    },
    {
      "State": "Madhya Pradesh",
      "AO": "Gwalior",
      "Name": "B. C. Jain & Sons",
      "Location": "Ashoknagar",
      "District": "Ashoknagar",
      "Address": "Subhashganj,Ashoknagaar-473331,Dist- Ashoknagaar",
      "Contact": "Vaibhav Kumar Jain ",
      "Mob": "9826895432",
      "Email": "vaibhav_jain807@yahoo.com"
    },
    {
      "State": "Madhya Pradesh",
      "AO": "Gwalior",
      "Name": "Jai Durga Automobiles",
      "Location": "Mehgaon",
      "District": "Bhind",
      "Address": "Gormi Road, Mehgaon - 477001, Dist - Bhind",
      "Contact": "Sobhagya Tripathi",
      "Mob": "9826456299; 9826055344",
      "Email": "bandilajay@rediffmail.com"
    },
    {
      "State": "Madhya Pradesh",
      "AO": "Gwalior",
      "Name": "Shree Ji Motors",
      "Location": "Gohad",
      "District": "Bhind",
      "Address": "Village - Chhimka, Gwalior Road, Gohad Chouraha, Gohad- 477116, Dist - Bhind",
      "Contact": "Ramsharan Gupta ",
      "Mob": "9826215868",
      "Email": "shreejimotorsgwalior@gmail.com"
    },
    {
      "State": "Madhya Pradesh",
      "AO": "Gwalior",
      "Name": "Agarwal Automobiles",
      "Location": "Chhatarpur",
      "District": "Chhatarpur",
      "Address": "Mahoba Road, Chattarpur-471001",
      "Contact": "Maneesh Agarwal",
      "Mob": "9425304741",
      "Email": "maneeshgrwl@gmail.com"
    },
    {
      "State": "Madhya Pradesh",
      "AO": "Gwalior",
      "Name": "Jay Maa Tractors",
      "Location": "Lavkushnagar",
      "District": "Chhatarpur",
      "Address": "Chhatarpur Road, Loundi, Lavkushnagar - 471515, Dist. - Chhatarpur",
      "Contact": "Deepak Tiwari",
      "Mob": "7566631131",
      "Email": "deeputiwari24@gmail.com"
    },
    {
      "State": "Madhya Pradesh",
      "AO": "Gwalior",
      "Name": "Pandey Automobiles",
      "Location": "Datia",
      "District": "Datia",
      "Address": "Sita Sagar Road ,Datia-475661Dist - Datia",
      "Contact": "Krishnakant Pandey",
      "Mob": "9425429762",
      "Email": "pandeyautomobile786@gmail.com"
    },
    {
      "State": "Madhya Pradesh",
      "AO": "Gwalior",
      "Name": "Brij Mohan Azad Singh Marketing Pvt. Ltd.",
      "Location": "Guna",
      "District": "Guna",
      "Address": "A.B. Road   Guna-473001",
      "Contact": "Mr.Shyam Singh",
      "Mob": "9826568595",
      "Email": "singh22359@rediffmail.com"
    },
    {
      "State": "Madhya Pradesh",
      "AO": "Gwalior",
      "Name": "Maa Savitri Automobiles",
      "Location": "Dabra",
      "District": "Gwalior",
      "Address": "In front of Galla Mandi,Bhitarwar Road,Dabra-475110,Dist-Gwalior",
      "Contact": "Arun Goutam ",
      "Mob": "9826414111",
      "Email": "maasavitriautomobiles@gmail.com"
    },
    {
      "State": "Madhya Pradesh",
      "AO": "Gwalior",
      "Name": "Shiv Shakti Tractors",
      "Location": "Porsa",
      "District": "Morena",
      "Address": "Ambah Road, Porsa - 476115, Dist - Morena",
      "Contact": "Rajjan Singh Tomar",
      "Mob": "9826213053",
      "Email": "rakeshtomarporsa@gmail.com"
    },
    {
      "State": "Madhya Pradesh",
      "AO": "Gwalior",
      "Name": "J P Motors and Tractors",
      "Location": "Morena",
      "District": "Morena",
      "Address": "Ward No.5, Shiv Nagar,Old Sales Tax Barrier,A.B.Road,Morena-476001,Dist -Morena",
      "Contact": "Satish Kumar Singhal",
      "Mob": "9425126396",
      "Email": "satish.balaji77@gmail.com"
    },
    {
      "State": "Madhya Pradesh",
      "AO": "Gwalior",
      "Name": "Moti Marketing",
      "Location": "Sheopur",
      "District": "Sheopur",
      "Address": "Baroda Road, Sheopur - 476337",
      "Contact": "Anil Goyal ",
      "Mob": "9826249108/\r\n9425128112",
      "Email": "balkrishankhandelwal@yahoo.in"
    },
    {
      "State": "Madhya Pradesh",
      "AO": "Gwalior",
      "Name": "Pandey Trading Co.",
      "Location": "Picchore",
      "District": "Shivpuri",
      "Address": "Shivpuri Road,Picchore-475415,Dist-Shivpuri",
      "Contact": "Suryakant Pandey",
      "Mob": "9425309462",
      "Email": "pandeytradingcompany@yahoo.in"
    },
    {
      "State": "Madhya Pradesh",
      "AO": "Gwalior",
      "Name": "Radha Rani Trading Company",
      "Location": "Kolaras",
      "District": "Shivpuri",
      "Address": "AB Road, Kolaras - 473770, Dist. Shivpuri",
      "Contact": "Anil Kumar Gupta",
      "Mob": "8085108631",
      "Email": "kesaribindal@gmail.com"
    },
    {
      "State": "Madhya Pradesh",
      "AO": "Gwalior",
      "Name": "Siddhivinayak Trading Company",
      "Location": "Shivpuri",
      "District": "Shivpuri",
      "Address": "Gurudwara Road, Purani Shivpuri, Shivpuri, MP-473551",
      "Contact": "Pankaj Gupta",
      "Mob": "9425700819",
      "Email": "siddhivinayak2017svp@gmail.com"
    },
    {
      "State": "Madhya Pradesh",
      "AO": "Gwalior",
      "Name": "Vardhaman Tractor",
      "Location": "Khaniyadhana",
      "District": "Shivpuri",
      "Address": "Picchore Road, Near Petrol Pump, Khaniyadhana - 473990, Dist. - Shivpuri",
      "Contact": "Abhishek Jain",
      "Mob": "8959154500",
      "Email": "abhishekjain188@gmail.com"
    },
    {
      "State": "Madhya Pradesh",
      "AO": "Gwalior",
      "Name": "Satbhaiya Tractors",
      "Location": "Tikamgarh",
      "District": "Tikamgarh",
      "Address": "Kile Ka Maidan ,Tikamgarh-472001",
      "Contact": "Akhilesh Satbhaiya ",
      "Mob": "9425141608",
      "Email": "satbhaiyatractors@gmail.com"
    },
    {
      "State": "Madhya Pradesh",
      "AO": "Jabalpur",
      "Name": "Shakti Tractor",
      "Location": "Balaghat",
      "District": "Balaghat",
      "Address": "Gondia Road,Ward No. 28,,Balaghat-481001,Dist -Balaghat",
      "Contact": "Yogesh Rai",
      "Mob": "9424662521/ 9479786669",
      "Email": "yogesh.rai23@gmail.com"
    },
    {
      "State": "Madhya Pradesh",
      "AO": "Jabalpur",
      "Name": "Satija Motors Pvt. Ltd.",
      "Location": "Chhindwara",
      "District": "Chhindwara",
      "Address": "Station Road   Chhindwara-480001",
      "Contact": "Nikish Satija",
      "Mob": "9009780008",
      "Email": "satijamotors@gmail.com"
    },
    {
      "State": "Madhya Pradesh",
      "AO": "Jabalpur",
      "Name": "Choudhary Tractors",
      "Location": "Pathariya",
      "District": "Damoh",
      "Address": "Ward No 1,Near Banda Tiraha,,Pathariya - 470666,Dist -Damoh",
      "Contact": "Yogesh Choudhary",
      "Mob": "9893530445",
      "Email": "drdeepakchoudhary84@gmail.com"
    },
    {
      "State": "Madhya Pradesh",
      "AO": "Jabalpur",
      "Name": "Jai Jatashankar Traders",
      "Location": "Hatta",
      "District": "Damoh",
      "Address": "Agrawal Bhawan,Hatta Patera Road,,Hatta-470775,Dist -Damoh",
      "Contact": "Ajay Khatri",
      "Mob": "9893763918, 9826388948",
      "Email": "ajaykhatri1973@rediffmail.com"
    },
    {
      "State": "Madhya Pradesh",
      "AO": "Jabalpur",
      "Name": "Maa Laxmi Auto Agency",
      "Location": "Damoh",
      "District": "Damoh",
      "Address": "Opp. Central School,Balakot Road,Damoh-470661,Dist- Damoh",
      "Contact": "Rahul Rai",
      "Mob": "9406559188",
      "Email": "maa_laxmi_auto@yahoo.co.in"
    },
    {
      "State": "Madhya Pradesh",
      "AO": "Jabalpur",
      "Name": "Maa Rewa Tractor",
      "Location": "Sihora",
      "District": "Jabalpur",
      "Address": "NH-7, Khitola Road, Siroha - 483225, Dist - Jabalpur",
      "Contact": "Prashant Jain",
      "Mob": "9893705555",
      "Email": "hh.bikepointsihora@gmail.com"
    },
    {
      "State": "Madhya Pradesh",
      "AO": "Jabalpur",
      "Name": "Shree Narmada Motors",
      "Location": "Jabalpur",
      "District": "Jabalpur",
      "Address": "170, Thakur Timber Campus, Garha Road, Ganga Sagar, Jabalpur - 482001",
      "Contact": "Lekhraj Singh",
      "Mob": "9425150515",
      "Email": "shrinarmadamotors@gmail.com"
    },
    {
      "State": "Madhya Pradesh",
      "AO": "Jabalpur",
      "Name": "Adinath Tractor",
      "Location": "Bahoriband",
      "District": "Katni",
      "Address": "Main Road,Sleemanabad,,Bahoriband-483440,Dist -Katni",
      "Contact": "Sanjay Kumar Jain",
      "Mob": "9407339824/ 9893705555",
      "Email": "sanjujain0908@gmail.com"
    },
    {
      "State": "Madhya Pradesh",
      "AO": "Jabalpur",
      "Name": "K. P. Motors",
      "Location": "Katni",
      "District": "Katni",
      "Address": "Jabalpur Road  Bargawan  Katni-483501",
      "Contact": "Amit Agrawal ",
      "Mob": "9425157325",
      "Email": "kpmotors2001@gmail.com"
    },
    {
      "State": "Madhya Pradesh",
      "AO": "Jabalpur",
      "Name": "Lucky Automobiles",
      "Location": "Mandla",
      "District": "Mandla",
      "Address": "162/4, Mandla-Jabalpur Road,Lalitpur Ward,Beside Central Bank,Mandla-481661,Dist -Mandla",
      "Contact": "Vibhor Agrawal(HUF)",
      "Mob": "9425821166",
      "Email": "vibhoragr@gmail.com"
    },
    {
      "State": "Madhya Pradesh",
      "AO": "Jabalpur",
      "Name": "Maa Narmada Tractors",
      "Location": "Gadarwara",
      "District": "Narsinghpur",
      "Address": "Shop No. 42 Krishi Upaj Mandi Pipariaya Road,Gadarwara-487551",
      "Contact": "Pramod Kumar Kourav ",
      "Mob": "9826972349",
      "Email": "mahindragdr66@gmail.com"
    },
    {
      "State": "Madhya Pradesh",
      "AO": "Jabalpur",
      "Name": "Rao Tractors",
      "Location": "Gotegaon",
      "District": "Narsinghpur",
      "Address": "Near Bus Stand, Gotegaon-487118, Dist - Narsinghpur",
      "Contact": "Rao Bahadur Singh ",
      "Mob": "9302086222",
      "Email": "raotractors1gotegoan@gmail.com"
    },
    {
      "State": "Madhya Pradesh",
      "AO": "Jabalpur",
      "Name": "Kanha Automobiles",
      "Location": "Panna",
      "District": "Panna",
      "Address": "Changeraja Complex,Mohan Niwas,,Panna-488001,Dist -Panna",
      "Contact": "Ankit Tripathi",
      "Mob": "9993525206",
      "Email": "ankittripathipanna@gmail.com"
    },
    {
      "State": "Madhya Pradesh",
      "AO": "Jabalpur",
      "Name": "United Automobiles",
      "Location": "Rewa",
      "District": "Rewa",
      "Address": "NH-7, Allahabad Raod, Nehru Nagar, Huzur, Rewa -486001, Dist -Rewa",
      "Contact": "Praduman Singh ",
      "Mob": "8817119229",
      "Email": "praduman38singh@gmail.com"
    },
    {
      "State": "Madhya Pradesh",
      "AO": "Jabalpur",
      "Name": "Maa Sharda Tractor",
      "Location": "Maihar",
      "District": "Satna",
      "Address": "Sarla Nagar Road, Maihar-485771, Dist -Satna",
      "Contact": "Rajroop Patel",
      "Mob": "8827873910",
      "Email": "rajrooppatel6@gmail.com"
    },
    {
      "State": "Madhya Pradesh",
      "AO": "Jabalpur",
      "Name": "Rao Motors",
      "Location": "Seoni",
      "District": "Seoni",
      "Address": "Ishwar Nagar,Jayrat Naka,Akhbar Ward,Seoni-480661,Dist -Seoni",
      "Contact": "Rao Bahadur Singh Patel ",
      "Mob": "9302923117",
      "Email": "raomotorsseoni@gmail.com"
    },
    {
      "State": "Madhya Pradesh",
      "AO": "Jabalpur",
      "Name": "Kundan Motors",
      "Location": "Beohari",
      "District": "Shahdol ",
      "Address": "Rewa Road,Beohari-484774,Dist - Shahdol ",
      "Contact": "Satyendra Kumar Gupta ",
      "Mob": "9630464754",
      "Email": "kundan.moters@gmail.com"
    },
    {
      "State": "Madhya Pradesh",
      "AO": "Jabalpur",
      "Name": "Suraj Kumar Radha Krishna",
      "Location": "Umaria",
      "District": "Umaria",
      "Address": "Station Road,Umaria-484661,Dist - Umaria",
      "Contact": "Dilip Kumar Khattar",
      "Mob": "9425181190",
      "Email": "dilipkhattar@rediffmail.com"
    },
    {
      "State": "Madhya Pradesh",
      "AO": "Jabalpur",
      "Name": "Shiv Shakti Tractors",
      "Location": "Kareli",
      "District": "Narsinghpur",
      "Address": "Ganesh Ward,Imaliya Road,,Kareli-487221,Dist -Narsinghpur",
      "Contact": "Ramakant Kourav",
      "Mob": "7000250925 , 9926649065",
      "Email": "rkourav80@gmail.com"
    },
    {
      "State": "Andhra Pradesh",
      "AO": "Tirupati",
      "Name": "Sri Durga Automotives",
      "Location": "Cuddapah",
      "District": "Cuddapah",
      "Address": "8 / 325-B, Almaspet ,Kadapa- 516001",
      "Contact": "Sudha Mallikarjuna Rao",
      "Mob": "9848074339/9866678222",
      "Email": "sdprao@gmail.com"
    },
    {
      "State": "Andhra Pradesh",
      "AO": "Tirupati",
      "Name": "Sree Nandi Automotives",
      "Location": "Nandyal",
      "District": "Kurnool",
      "Address": "D.NO28/5G/3, K. C. Road, Noonepalli, Near Lorry Union office, Nandyal - 518502, Kurnool Dist",
      "Contact": "Mr. B. Nageswara Reddy",
      "Mob": "9440292190",
      "Email": "sreenandiautomotives@yahoo.com"
    },
    {
      "State": "Andhra Pradesh",
      "AO": "Tirupati",
      "Name": "Sree Gayathri Tractors",
      "Location": "Nellore",
      "District": "Nellore",
      "Address": "Survey No.32/2, Plot NO.24, Wood Complex, Vedayapalem, Nellore - 524004",
      "Contact": "Chiramana Vinilkumar Reddy ",
      "Mob": "8008575303 / 9440439586",
      "Email": "sreegayathritractors@gmail.com"
    },
    {
      "State": "Andhra Pradesh",
      "AO": "Vijaywada",
      "Name": "Sri Gopal Automotive Ltd.",
      "Location": "Kakinada",
      "District": "East Godavari",
      "Address": "Plot No.3, Industrial Area, Ramanayya Peta, Kakinada, East Godavari, Andhra Pradesh - 533005",
      "Contact": "G.Kalyan",
      "Mob": "8008578999",
      "Email": "sgaskkd@gmail.com"
    },
    {
      "State": "Andhra Pradesh",
      "AO": "Vijaywada",
      "Name": "Sri Guru Motors",
      "Location": "Tenali",
      "District": "Guntur",
      "Address": "Plot No-83, 4th Road,M.G.Auto Nagar,,Tenali - 522201,Dist -Guntur",
      "Contact": "Rudraraju Madhusudhana Raju",
      "Mob": "9840845700",
      "Email": "rmsrajumm@gmail.com"
    },
    {
      "State": "Andhra Pradesh",
      "AO": "Vijaywada",
      "Name": "Sri Ranga Agro Services",
      "Location": "Guntur",
      "District": "Guntur",
      "Address": "Plot No. 30 & 31,Autonagar, Phase IIII,,Guntur-522001,Dist- Guntur",
      "Contact": "Y. Chandra Sekhar",
      "Mob": "8106633111",
      "Email": "srirangaguntur@gmail.com"
    },
    {
      "State": "Andhra Pradesh",
      "AO": "Vijaywada",
      "Name": "Sri Soma Sai Agencies",
      "Location": "Tpgudem",
      "District": "West Godavari ",
      "Address": "2-12-22 / 1 Railway Station Road  TP Gudem-534101.",
      "Contact": "Ch. A. R. K. Varma",
      "Mob": "9848044457",
      "Email": "srisomasai.475@gmail.com"
    },
    {
      "State": "Telangana",
      "AO": "Secunderabad",
      "Name": "B.R.Reddy Motors",
      "Location": "Jagtial",
      "District": "Jagtial",
      "Address": "Survey NO. 1289/AA, 1289/E, Choulamadhi Chowrastha , Main Road, Arapeta Village, Metpally Mandal, Jagtial - 505325",
      "Contact": "Jaipal Reddy Surakanti",
      "Mob": "9949749084 / 9440743253",
      "Email": "brreddyenterprises@gmail.com"
    },
    {
      "State": "Telangana",
      "AO": "Secunderabad",
      "Name": "Maruthi Automobiles",
      "Location": "Karimnagar",
      "District": "Karimnagar",
      "Address": "H. No. 8-6-417, Kothi Rampur, Hydearabad Road, Karimnagar-505001",
      "Contact": "Alagandula Chander",
      "Mob": "9848159545",
      "Email": "chander.a2011@gmail.com"
    },
    {
      "State": "Telangana",
      "AO": "Secunderabad",
      "Name": "P.V.Enterprises",
      "Location": "Pedapally",
      "District": "Karimnagar",
      "Address": "44 28/2, Karimnagar road, Near old Nagarjuna school, Peddapalli - 505172, Dist. Karimnagar",
      "Contact": "Ponnam Krishna Murthy",
      "Mob": "9490221605",
      "Email": "pvmahindrapdpl@gmail.com"
    },
    {
      "State": "Telangana",
      "AO": "Secunderabad",
      "Name": "Venkata Ramana Automobiles Pvt. Ltd.",
      "Location": "Khammam",
      "District": "Khammam",
      "Address": "Gopalpuram, Near Relish Dhab, Khammam-507001",
      "Contact": "Vikas Chowdhary",
      "Mob": "9642649999",
      "Email": "khammammss@gmail.com"
    },
    {
      "State": "Telangana",
      "AO": "Secunderabad",
      "Name": "Sai Krishna Agencies",
      "Location": "Medak",
      "District": "Medak",
      "Address": "MH- 9, Hyderabad Road, Opp. Mayura Theatre  Medak-502110",
      "Contact": "M. Sai Krishna",
      "Mob": "9885843557",
      "Email": "ska_medak@yahoo.co.in"
    },
    {
      "State": "Telangana",
      "AO": "Secunderabad",
      "Name": "Saridena Motors",
      "Location": "Siddipet",
      "District": "Medak",
      "Address": "H.No.18-54,  Near New Bus Stand ,Siddipet-502103",
      "Contact": "Saridena Narsinga Rao",
      "Mob": "9490136669",
      "Email": "saridenamotors@gmail.com"
    },
    {
      "State": "Telangana",
      "AO": "Secunderabad",
      "Name": "Sri Jayarama Automotives Pvt.Ltd",
      "Location": "Mehbubnagar",
      "District": "Mehbubnagar",
      "Address": "Mettagadda Road, Mehbubnagar-509002",
      "Contact": "Mr.B.Ram Reddy",
      "Mob": "9440797333",
      "Email": "sjrm_md@yahoo.co.in"
    },
    {
      "State": "Telangana",
      "AO": "Secunderabad",
      "Name": "Sreenivasa Mechanical Works",
      "Location": "Kodad",
      "District": "Nalgonda",
      "Address": "A-77 Mella Cheruvu Road  Kodad-508206",
      "Contact": "Ch. Prabhakar Rao",
      "Mob": "9912788911 / 9666443766",
      "Email": "smwkodad@gmail.com"
    },
    {
      "State": "Telangana",
      "AO": "Secunderabad",
      "Name": "Vamshi Motors (P) Ltd.",
      "Location": "Miryalguda",
      "District": "Nalgonda",
      "Address": "Sagar Road Miryalaguda  Miryalguda-508207",
      "Contact": "Mr.P.Nageshwar Rao  ",
      "Mob": "9848129300; 9848453880",
      "Email": "vamshimotors@gmail.com"
    },
    {
      "State": "Telangana",
      "AO": "Secunderabad",
      "Name": "Kakateeya Tractors",
      "Location": "Warangal",
      "District": "Warangal",
      "Address": "House No 3-16-326/1 Mulugu X-Roads  Warangal-506002",
      "Contact": "B.Rajeshwar Rao",
      "Mob": "9949588901",
      "Email": "kakateeyatractors@gmail.com"
    }
  ],
  "Andhra Pradesh": [
    {
      "State": "Andhra Pradesh",
      "AO": "Tirupati",
      "Name": "Sri Durga Automotives",
      "Location": "Cuddapah",
      "District": "Cuddapah",
      "Address": "8 / 325-B, Almaspet ,Kadapa- 516001",
      "Contact": "Sudha Mallikarjuna Rao",
      "Mob": "9848074339/9866678222",
      "Email": "sdprao@gmail.com"
    },
    {
      "State": "Andhra Pradesh",
      "AO": "Tirupati",
      "Name": "Sree Nandi Automotives",
      "Location": "Nandyal",
      "District": "Kurnool",
      "Address": "D.NO28/5G/3, K. C. Road, Noonepalli, Near Lorry Union office, Nandyal - 518502, Kurnool Dist",
      "Contact": "Mr. B. Nageswara Reddy",
      "Mob": "9440292190",
      "Email": "sreenandiautomotives@yahoo.com"
    },
    {
      "State": "Andhra Pradesh",
      "AO": "Tirupati",
      "Name": "Sree Gayathri Tractors",
      "Location": "Nellore",
      "District": "Nellore",
      "Address": "Survey No.32/2, Plot NO.24, Wood Complex, Vedayapalem, Nellore - 524004",
      "Contact": "Chiramana Vinilkumar Reddy ",
      "Mob": "8008575303 / 9440439586",
      "Email": "sreegayathritractors@gmail.com"
    },
    {
      "State": "Andhra Pradesh",
      "AO": "Vijaywada",
      "Name": "Sri Gopal Automotive Ltd.",
      "Location": "Kakinada",
      "District": "East Godavari",
      "Address": "Plot No.3, Industrial Area, Ramanayya Peta, Kakinada, East Godavari, Andhra Pradesh - 533005",
      "Contact": "G.Kalyan",
      "Mob": "8008578999",
      "Email": "sgaskkd@gmail.com"
    },
    {
      "State": "Andhra Pradesh",
      "AO": "Vijaywada",
      "Name": "Sri Guru Motors",
      "Location": "Tenali",
      "District": "Guntur",
      "Address": "Plot No-83, 4th Road,M.G.Auto Nagar,,Tenali - 522201,Dist -Guntur",
      "Contact": "Rudraraju Madhusudhana Raju",
      "Mob": "9840845700",
      "Email": "rmsrajumm@gmail.com"
    },
    {
      "State": "Andhra Pradesh",
      "AO": "Vijaywada",
      "Name": "Sri Ranga Agro Services",
      "Location": "Guntur",
      "District": "Guntur",
      "Address": "Plot No. 30 & 31,Autonagar, Phase IIII,,Guntur-522001,Dist- Guntur",
      "Contact": "Y. Chandra Sekhar",
      "Mob": "8106633111",
      "Email": "srirangaguntur@gmail.com"
    },
    {
      "State": "Andhra Pradesh",
      "AO": "Vijaywada",
      "Name": "Sri Soma Sai Agencies",
      "Location": "Tpgudem",
      "District": "West Godavari ",
      "Address": "2-12-22 / 1 Railway Station Road  TP Gudem-534101.",
      "Contact": "Ch. A. R. K. Varma",
      "Mob": "9848044457",
      "Email": "srisomasai.475@gmail.com"
    }
  ],
  "East UP": [
    {
      "State": "UP  East",
      "AO": "New Delhi - Potato Belt",
      "Name": "Kamal International",
      "Location": "Etah",
      "District": "Etah",
      "Address": "100, Arun Nagar, Etah-207001",
      "Contact": "Gaurav Kumar",
      "Mob": "9219507539",
      "Email": "kamalinternationaletah@gmail.com"
    },
    {
      "State": "UP  East",
      "AO": "New Delhi - Sugarcane Belt",
      "Name": "Kumar Motors",
      "Location": "Bijnor",
      "District": "Bijnor",
      "Address": "Civil Lines, Opp. Kotwali, Station Road,  Bijnore-246701",
      "Contact": "Narendra Singh",
      "Mob": "9837793336",
      "Email": "kumarmotorssales@gmail.com"
    },
    {
      "State": "UP  East",
      "AO": "New Delhi - Sugarcane Belt",
      "Name": "Kisan Automobiles",
      "Location": "Ghaziabad",
      "District": "Ghaziabad",
      "Address": "8-SADDIK NAGAR, Meerut Road, OPP JAIN TUBE COMPOUND, Ghaziabad-201001",
      "Contact": "Arjun Singh",
      "Mob": "9310996035",
      "Email": "kisan.ghaziabad@gmail.com"
    },
    {
      "State": "UP  East",
      "AO": "New Delhi - Sugarcane Belt",
      "Name": "Bharat Diesels",
      "Location": "Jwalapur",
      "District": "Haridwar",
      "Address": "Manav Kunj, Bye Pass Road, Jwalapur-249407",
      "Contact": "Ashok Kumar",
      "Mob": "9837064662",
      "Email": "bharatdiesels01@gmail.com"
    },
    {
      "State": "UP  East",
      "AO": "New Delhi - Sugarcane Belt",
      "Name": "Shree Shiv Shakti Motors",
      "Location": "Meerat",
      "District": "Meerut",
      "Address": "NH -58, Near Modi Puram Check Post, Meerut Bye Pass Road, Meerat-250105, Dist - Meerut",
      "Contact": "Rajendra Mehta",
      "Mob": "9719501234",
      "Email": "meerut@mahindrafes.com"
    },
    {
      "State": "UP  East",
      "AO": "New Delhi - Sugarcane Belt",
      "Name": "S. M. Distributors",
      "Location": "Moradabad",
      "District": "Moradabad",
      "Address": "Near Hanuman Murti, Bye pass Tiraha, Moradabad-244001",
      "Contact": "Mr. Mayank Garg",
      "Mob": "9837773257",
      "Email": "sm.mayankgarg88@gmail.com"
    },
    {
      "State": "UP  East",
      "AO": "New Delhi - Sugarcane Belt",
      "Name": "Noor Motors",
      "Location": "Bilaspur",
      "District": "Rampur",
      "Address": "Mathkhera  Road,Bilaspur-244921,Dist-Rampur",
      "Contact": "Murshid Ali",
      "Mob": "9927056576/8755557786",
      "Email": "noormotors@yahoo.com"
    },
    {
      "State": "UP  East",
      "AO": "New Delhi - Sugarcane Belt",
      "Name": "S. M. G. Tractors",
      "Location": "Saharanpur",
      "District": "Saharanpur",
      "Address": "Chilkana Road, Saharanpur-247001, Dist. Saharanpur",
      "Contact": "Mr. Arvind Goyal",
      "Mob": "9997788200",
      "Email": "smgtractorssre@yahoo.com"
    }
  ],
  "Madhya Pradesh": [
    {
      "State": "Madhya Pradesh",
      "AO": "Bhopal",
      "Name": "Win Win Automobiles Pvt. Ltd.",
      "Location": "Berasia",
      "District": "Bhopal",
      "Address": "Ward No-12, Patel Market, Narsinghgarh Road, Berasia - 462001, Dist - Bhopal",
      "Contact": "Virendra Singh",
      "Mob": "9200026492",
      "Email": "singh.virendra@winwinauto.in"
    },
    {
      "State": "Madhya Pradesh",
      "AO": "Bhopal",
      "Name": "Deep Motors",
      "Location": "Burhanpur",
      "District": "Burhanpur",
      "Address": "Khasra No 257/8,Near Tapti Bridge,Amravati Road, Jainabad,Burhanpur-450331,Dist -Burhanpur",
      "Contact": "Arif Khan",
      "Mob": "7898951177 /\r\n7773839229",
      "Email": "deepsteelcompany1@yahoo.com"
    },
    {
      "State": "Madhya Pradesh",
      "AO": "Bhopal",
      "Name": "Tirupati Enterprises",
      "Location": "Itarasi",
      "District": "Hoshangabad",
      "Address": "Pipal Mohalla, Near Hanuman Mandir, Hoshangabad Road, Itarasi - 461111, Dist. Hoshangabad",
      "Contact": "Mayapati Tiwari",
      "Mob": "8650311111",
      "Email": "neerajtiwarirawpl@gmail.com"
    },
    {
      "State": "Madhya Pradesh",
      "AO": "Bhopal",
      "Name": "Anand Motors",
      "Location": "Hoshangabad",
      "District": "Hoshangabad",
      "Address": "Commissioner Colony,Babai Road,Hoshangabad-461001,Dist-Hoshangabad",
      "Contact": "Anand Pandey ",
      "Mob": "9827583325",
      "Email": "anandjipandey@gmail.com"
    },
    {
      "State": "Madhya Pradesh",
      "AO": "Bhopal",
      "Name": "Tirupati Enterprises",
      "Location": "Khandwa",
      "District": "Khandwa",
      "Address": "116/2 & 117/2,Juni Indore Line,Bypass Road,Khandwa-452001,Dist -Khandwa",
      "Contact": "Neeraj Tiwari",
      "Mob": "8650311111/ 9675177777",
      "Email": "mayapati@gmail.com"
    },
    {
      "State": "Madhya Pradesh",
      "AO": "Bhopal",
      "Name": "Aastha Tractors",
      "Location": "Raisen",
      "District": "Raisen",
      "Address": "Near Toll Plaza, Sagar Road, Raisen - 464551",
      "Contact": "Rajkumar Dubey",
      "Mob": "9993951560",
      "Email": "asthatractormahindra@gmail.com"
    },
    {
      "State": "Madhya Pradesh",
      "AO": "Bhopal",
      "Name": "Shri Balaji Motors and Tractors",
      "Location": "Silwani",
      "District": "Raisen",
      "Address": "00, Udaypura Road Silwani,,,Silwani-464886,Dist -Raisen",
      "Contact": "Pradeep Kumar Raghuwanshi",
      "Mob": "9893611500",
      "Email": "prankalp2004@gmail.com"
    },
    {
      "State": "Madhya Pradesh",
      "AO": "Bhopal",
      "Name": "Malaiya Tractors",
      "Location": "Sagar",
      "District": "Sagar",
      "Address": "Tilakganj Station Road  Sagar-470002",
      "Contact": "Kapil Malaiya",
      "Mob": "7440447503",
      "Email": "kapilmalaiya@yahoo.com"
    },
    {
      "State": "Madhya Pradesh",
      "AO": "Bhopal",
      "Name": "Shiv Shakti Traders",
      "Location": "Khurai",
      "District": "Sagar",
      "Address": "Rajput Bhusa Mandi Appu Building Khurai-470017",
      "Contact": "Narendra Singh",
      "Mob": "9826866988",
      "Email": "shivshaktitraders006@gmail.com"
    },
    {
      "State": "Madhya Pradesh",
      "AO": "Bhopal",
      "Name": "Pandit Paltooram Motors",
      "Location": "Ganjbasoda",
      "District": "Vidisha",
      "Address": "Mahaveer Marg, Nehru Chowk, Ganjbasoda - 464221",
      "Contact": "Vipin Jain",
      "Mob": "9425432145",
      "Email": "paltoorammotors.mahindra@yahoo.com"
    },
    {
      "State": "Madhya Pradesh",
      "AO": "Bhopal",
      "Name": "Siyaram Agro Tech",
      "Location": "Vidisha",
      "District": "Vidisha",
      "Address": "SH-19, In front of Choupal Sagar,Gram - Besh,Ashok Nagar Road,Vidisha-464001,Dist -Vidisha",
      "Contact": "Surendra Singh Raghuvanshi",
      "Mob": "9827278407",
      "Email": "siyaramagrotech.vds@gmail.com"
    },
    {
      "State": "Madhya Pradesh",
      "AO": "Bhopal",
      "Name": "Krishna Tractors",
      "Location": "Sehore",
      "District": "Sehore",
      "Address": "599, MPEB Road,,,Sehore-466001,Dist -Sehore",
      "Contact": "Jitendra Agrawal",
      "Mob": "8878477700",
      "Email": "krishnatractors.sehore@gmail.com"
    },
    {
      "State": "Madhya Pradesh",
      "AO": "Bhopal",
      "Name": "Maikalsuta Tractors",
      "Location": "Bareli",
      "District": "Raisen",
      "Address": "00,N.H.12 J.J. Road,Tah Bareli,,Bareli-464668,Dist -Raisen",
      "Contact": "Brajendra Singh",
      "Mob": "9977555111 , 9981223291",
      "Email": "shivbareli9@gmail.com ; choudharysales786@gmail.com"
    },
    {
      "State": "Madhya Pradesh",
      "AO": "Bhopal",
      "Name": "Yash Tractor",
      "Location": "Harda",
      "District": "Harda",
      "Address": "NH 59A,,Opp-Khatri Marriage Garden,Indore Road,Harda-461331,Dist -Harda",
      "Contact": "Om Prakash Jat",
      "Mob": "9826742302 , 9826988312",
      "Email": "yashft.harda@gmail.com"
    },
    {
      "State": "Madhya Pradesh",
      "AO": "Bhopal",
      "Name": "Tirupati Enterprises",
      "Location": "Pipariya",
      "District": "Hoshangabad",
      "Address": "In front of Aanandbhumi,Shobhapur Road,Village - Hathvas,Pipariya-461775,Dist -Hoshangabad",
      "Contact": "Kiran Tiwari",
      "Mob": "9675177777, 8650311111 , 9720199999",
      "Email": "neerajtiwarirawpl@gmail.com ; mayapati@gmail.com ; kiranmntiwari@gmail.com"
    },
    {
      "State": "Madhya Pradesh",
      "AO": "Gwalior",
      "Name": "B. C. Jain & Sons",
      "Location": "Ashoknagar",
      "District": "Ashoknagar",
      "Address": "Subhashganj,Ashoknagaar-473331,Dist- Ashoknagaar",
      "Contact": "Vaibhav Kumar Jain ",
      "Mob": "9826895432",
      "Email": "vaibhav_jain807@yahoo.com"
    },
    {
      "State": "Madhya Pradesh",
      "AO": "Gwalior",
      "Name": "Jai Durga Automobiles",
      "Location": "Mehgaon",
      "District": "Bhind",
      "Address": "Gormi Road, Mehgaon - 477001, Dist - Bhind",
      "Contact": "Sobhagya Tripathi",
      "Mob": "9826456299; 9826055344",
      "Email": "bandilajay@rediffmail.com"
    },
    {
      "State": "Madhya Pradesh",
      "AO": "Gwalior",
      "Name": "Shree Ji Motors",
      "Location": "Gohad",
      "District": "Bhind",
      "Address": "Village - Chhimka, Gwalior Road, Gohad Chouraha, Gohad- 477116, Dist - Bhind",
      "Contact": "Ramsharan Gupta ",
      "Mob": "9826215868",
      "Email": "shreejimotorsgwalior@gmail.com"
    },
    {
      "State": "Madhya Pradesh",
      "AO": "Gwalior",
      "Name": "Agarwal Automobiles",
      "Location": "Chhatarpur",
      "District": "Chhatarpur",
      "Address": "Mahoba Road, Chattarpur-471001",
      "Contact": "Maneesh Agarwal",
      "Mob": "9425304741",
      "Email": "maneeshgrwl@gmail.com"
    },
    {
      "State": "Madhya Pradesh",
      "AO": "Gwalior",
      "Name": "Jay Maa Tractors",
      "Location": "Lavkushnagar",
      "District": "Chhatarpur",
      "Address": "Chhatarpur Road, Loundi, Lavkushnagar - 471515, Dist. - Chhatarpur",
      "Contact": "Deepak Tiwari",
      "Mob": "7566631131",
      "Email": "deeputiwari24@gmail.com"
    },
    {
      "State": "Madhya Pradesh",
      "AO": "Gwalior",
      "Name": "Pandey Automobiles",
      "Location": "Datia",
      "District": "Datia",
      "Address": "Sita Sagar Road ,Datia-475661Dist - Datia",
      "Contact": "Krishnakant Pandey",
      "Mob": "9425429762",
      "Email": "pandeyautomobile786@gmail.com"
    },
    {
      "State": "Madhya Pradesh",
      "AO": "Gwalior",
      "Name": "Brij Mohan Azad Singh Marketing Pvt. Ltd.",
      "Location": "Guna",
      "District": "Guna",
      "Address": "A.B. Road   Guna-473001",
      "Contact": "Mr.Shyam Singh",
      "Mob": "9826568595",
      "Email": "singh22359@rediffmail.com"
    },
    {
      "State": "Madhya Pradesh",
      "AO": "Gwalior",
      "Name": "Maa Savitri Automobiles",
      "Location": "Dabra",
      "District": "Gwalior",
      "Address": "In front of Galla Mandi,Bhitarwar Road,Dabra-475110,Dist-Gwalior",
      "Contact": "Arun Goutam ",
      "Mob": "9826414111",
      "Email": "maasavitriautomobiles@gmail.com"
    },
    {
      "State": "Madhya Pradesh",
      "AO": "Gwalior",
      "Name": "Shiv Shakti Tractors",
      "Location": "Porsa",
      "District": "Morena",
      "Address": "Ambah Road, Porsa - 476115, Dist - Morena",
      "Contact": "Rajjan Singh Tomar",
      "Mob": "9826213053",
      "Email": "rakeshtomarporsa@gmail.com"
    },
    {
      "State": "Madhya Pradesh",
      "AO": "Gwalior",
      "Name": "J P Motors and Tractors",
      "Location": "Morena",
      "District": "Morena",
      "Address": "Ward No.5, Shiv Nagar,Old Sales Tax Barrier,A.B.Road,Morena-476001,Dist -Morena",
      "Contact": "Satish Kumar Singhal",
      "Mob": "9425126396",
      "Email": "satish.balaji77@gmail.com"
    },
    {
      "State": "Madhya Pradesh",
      "AO": "Gwalior",
      "Name": "Moti Marketing",
      "Location": "Sheopur",
      "District": "Sheopur",
      "Address": "Baroda Road, Sheopur - 476337",
      "Contact": "Anil Goyal ",
      "Mob": "9826249108/\r\n9425128112",
      "Email": "balkrishankhandelwal@yahoo.in"
    },
    {
      "State": "Madhya Pradesh",
      "AO": "Gwalior",
      "Name": "Pandey Trading Co.",
      "Location": "Picchore",
      "District": "Shivpuri",
      "Address": "Shivpuri Road,Picchore-475415,Dist-Shivpuri",
      "Contact": "Suryakant Pandey",
      "Mob": "9425309462",
      "Email": "pandeytradingcompany@yahoo.in"
    },
    {
      "State": "Madhya Pradesh",
      "AO": "Gwalior",
      "Name": "Radha Rani Trading Company",
      "Location": "Kolaras",
      "District": "Shivpuri",
      "Address": "AB Road, Kolaras - 473770, Dist. Shivpuri",
      "Contact": "Anil Kumar Gupta",
      "Mob": "8085108631",
      "Email": "kesaribindal@gmail.com"
    },
    {
      "State": "Madhya Pradesh",
      "AO": "Gwalior",
      "Name": "Siddhivinayak Trading Company",
      "Location": "Shivpuri",
      "District": "Shivpuri",
      "Address": "Gurudwara Road, Purani Shivpuri, Shivpuri, MP-473551",
      "Contact": "Pankaj Gupta",
      "Mob": "9425700819",
      "Email": "siddhivinayak2017svp@gmail.com"
    },
    {
      "State": "Madhya Pradesh",
      "AO": "Gwalior",
      "Name": "Vardhaman Tractor",
      "Location": "Khaniyadhana",
      "District": "Shivpuri",
      "Address": "Picchore Road, Near Petrol Pump, Khaniyadhana - 473990, Dist. - Shivpuri",
      "Contact": "Abhishek Jain",
      "Mob": "8959154500",
      "Email": "abhishekjain188@gmail.com"
    },
    {
      "State": "Madhya Pradesh",
      "AO": "Gwalior",
      "Name": "Satbhaiya Tractors",
      "Location": "Tikamgarh",
      "District": "Tikamgarh",
      "Address": "Kile Ka Maidan ,Tikamgarh-472001",
      "Contact": "Akhilesh Satbhaiya ",
      "Mob": "9425141608",
      "Email": "satbhaiyatractors@gmail.com"
    },
    {
      "State": "Madhya Pradesh",
      "AO": "Jabalpur",
      "Name": "Shakti Tractor",
      "Location": "Balaghat",
      "District": "Balaghat",
      "Address": "Gondia Road,Ward No. 28,,Balaghat-481001,Dist -Balaghat",
      "Contact": "Yogesh Rai",
      "Mob": "9424662521/ 9479786669",
      "Email": "yogesh.rai23@gmail.com"
    },
    {
      "State": "Madhya Pradesh",
      "AO": "Jabalpur",
      "Name": "Satija Motors Pvt. Ltd.",
      "Location": "Chhindwara",
      "District": "Chhindwara",
      "Address": "Station Road   Chhindwara-480001",
      "Contact": "Nikish Satija",
      "Mob": "9009780008",
      "Email": "satijamotors@gmail.com"
    },
    {
      "State": "Madhya Pradesh",
      "AO": "Jabalpur",
      "Name": "Choudhary Tractors",
      "Location": "Pathariya",
      "District": "Damoh",
      "Address": "Ward No 1,Near Banda Tiraha,,Pathariya - 470666,Dist -Damoh",
      "Contact": "Yogesh Choudhary",
      "Mob": "9893530445",
      "Email": "drdeepakchoudhary84@gmail.com"
    },
    {
      "State": "Madhya Pradesh",
      "AO": "Jabalpur",
      "Name": "Jai Jatashankar Traders",
      "Location": "Hatta",
      "District": "Damoh",
      "Address": "Agrawal Bhawan,Hatta Patera Road,,Hatta-470775,Dist -Damoh",
      "Contact": "Ajay Khatri",
      "Mob": "9893763918, 9826388948",
      "Email": "ajaykhatri1973@rediffmail.com"
    },
    {
      "State": "Madhya Pradesh",
      "AO": "Jabalpur",
      "Name": "Maa Laxmi Auto Agency",
      "Location": "Damoh",
      "District": "Damoh",
      "Address": "Opp. Central School,Balakot Road,Damoh-470661,Dist- Damoh",
      "Contact": "Rahul Rai",
      "Mob": "9406559188",
      "Email": "maa_laxmi_auto@yahoo.co.in"
    },
    {
      "State": "Madhya Pradesh",
      "AO": "Jabalpur",
      "Name": "Maa Rewa Tractor",
      "Location": "Sihora",
      "District": "Jabalpur",
      "Address": "NH-7, Khitola Road, Siroha - 483225, Dist - Jabalpur",
      "Contact": "Prashant Jain",
      "Mob": "9893705555",
      "Email": "hh.bikepointsihora@gmail.com"
    },
    {
      "State": "Madhya Pradesh",
      "AO": "Jabalpur",
      "Name": "Shree Narmada Motors",
      "Location": "Jabalpur",
      "District": "Jabalpur",
      "Address": "170, Thakur Timber Campus, Garha Road, Ganga Sagar, Jabalpur - 482001",
      "Contact": "Lekhraj Singh",
      "Mob": "9425150515",
      "Email": "shrinarmadamotors@gmail.com"
    },
    {
      "State": "Madhya Pradesh",
      "AO": "Jabalpur",
      "Name": "Adinath Tractor",
      "Location": "Bahoriband",
      "District": "Katni",
      "Address": "Main Road,Sleemanabad,,Bahoriband-483440,Dist -Katni",
      "Contact": "Sanjay Kumar Jain",
      "Mob": "9407339824/ 9893705555",
      "Email": "sanjujain0908@gmail.com"
    },
    {
      "State": "Madhya Pradesh",
      "AO": "Jabalpur",
      "Name": "K. P. Motors",
      "Location": "Katni",
      "District": "Katni",
      "Address": "Jabalpur Road  Bargawan  Katni-483501",
      "Contact": "Amit Agrawal ",
      "Mob": "9425157325",
      "Email": "kpmotors2001@gmail.com"
    },
    {
      "State": "Madhya Pradesh",
      "AO": "Jabalpur",
      "Name": "Lucky Automobiles",
      "Location": "Mandla",
      "District": "Mandla",
      "Address": "162/4, Mandla-Jabalpur Road,Lalitpur Ward,Beside Central Bank,Mandla-481661,Dist -Mandla",
      "Contact": "Vibhor Agrawal(HUF)",
      "Mob": "9425821166",
      "Email": "vibhoragr@gmail.com"
    },
    {
      "State": "Madhya Pradesh",
      "AO": "Jabalpur",
      "Name": "Maa Narmada Tractors",
      "Location": "Gadarwara",
      "District": "Narsinghpur",
      "Address": "Shop No. 42 Krishi Upaj Mandi Pipariaya Road,Gadarwara-487551",
      "Contact": "Pramod Kumar Kourav ",
      "Mob": "9826972349",
      "Email": "mahindragdr66@gmail.com"
    },
    {
      "State": "Madhya Pradesh",
      "AO": "Jabalpur",
      "Name": "Rao Tractors",
      "Location": "Gotegaon",
      "District": "Narsinghpur",
      "Address": "Near Bus Stand, Gotegaon-487118, Dist - Narsinghpur",
      "Contact": "Rao Bahadur Singh ",
      "Mob": "9302086222",
      "Email": "raotractors1gotegoan@gmail.com"
    },
    {
      "State": "Madhya Pradesh",
      "AO": "Jabalpur",
      "Name": "Kanha Automobiles",
      "Location": "Panna",
      "District": "Panna",
      "Address": "Changeraja Complex,Mohan Niwas,,Panna-488001,Dist -Panna",
      "Contact": "Ankit Tripathi",
      "Mob": "9993525206",
      "Email": "ankittripathipanna@gmail.com"
    },
    {
      "State": "Madhya Pradesh",
      "AO": "Jabalpur",
      "Name": "United Automobiles",
      "Location": "Rewa",
      "District": "Rewa",
      "Address": "NH-7, Allahabad Raod, Nehru Nagar, Huzur, Rewa -486001, Dist -Rewa",
      "Contact": "Praduman Singh ",
      "Mob": "8817119229",
      "Email": "praduman38singh@gmail.com"
    },
    {
      "State": "Madhya Pradesh",
      "AO": "Jabalpur",
      "Name": "Maa Sharda Tractor",
      "Location": "Maihar",
      "District": "Satna",
      "Address": "Sarla Nagar Road, Maihar-485771, Dist -Satna",
      "Contact": "Rajroop Patel",
      "Mob": "8827873910",
      "Email": "rajrooppatel6@gmail.com"
    },
    {
      "State": "Madhya Pradesh",
      "AO": "Jabalpur",
      "Name": "Rao Motors",
      "Location": "Seoni",
      "District": "Seoni",
      "Address": "Ishwar Nagar,Jayrat Naka,Akhbar Ward,Seoni-480661,Dist -Seoni",
      "Contact": "Rao Bahadur Singh Patel ",
      "Mob": "9302923117",
      "Email": "raomotorsseoni@gmail.com"
    },
    {
      "State": "Madhya Pradesh",
      "AO": "Jabalpur",
      "Name": "Kundan Motors",
      "Location": "Beohari",
      "District": "Shahdol ",
      "Address": "Rewa Road,Beohari-484774,Dist - Shahdol ",
      "Contact": "Satyendra Kumar Gupta ",
      "Mob": "9630464754",
      "Email": "kundan.moters@gmail.com"
    },
    {
      "State": "Madhya Pradesh",
      "AO": "Jabalpur",
      "Name": "Suraj Kumar Radha Krishna",
      "Location": "Umaria",
      "District": "Umaria",
      "Address": "Station Road,Umaria-484661,Dist - Umaria",
      "Contact": "Dilip Kumar Khattar",
      "Mob": "9425181190",
      "Email": "dilipkhattar@rediffmail.com"
    }
  ],
  "Rajasthan": [
    {
      "State": "Rajasthan",
      "AO": "Bikaner",
      "Name": "Balaji Tractor Company",
      "Location": "Bikaner",
      "District": "Bikaner",
      "Address": "Near Subash Petrol Pump, Jaipur Road,  BIKANER-334001",
      "Contact": "Ram Laxman Godara ",
      "Mob": "9414140237/9983399724",
      "Email": "bikaner@mahindrafes.com"
    },
    {
      "State": "Rajasthan",
      "AO": "Bikaner",
      "Name": "Radhey Motors",
      "Location": "Kolayat",
      "District": "Bikaner",
      "Address": "Techari Phanta, NH- 15, Opp. Petrol Pump,  Kolayat-334302",
      "Contact": "Bhanwar Lal Godara ",
      "Mob": "9413388250/9414968945",
      "Email": "kolayat@mahindrafes.com"
    },
    {
      "State": "Rajasthan",
      "AO": "Bikaner",
      "Name": "Shree Balaji Tractors",
      "Location": "Lunkaransar",
      "District": "Bikaner",
      "Address": "Sriganganagar Road, NH- 15,  Lunkaransar-334603",
      "Contact": "Ashu Ram Choudhary",
      "Mob": "9414146120/9252060146/9252830966",
      "Email": "balajilks@rediffmail.com"
    },
    {
      "State": "Rajasthan",
      "AO": "Bikaner",
      "Name": "Saharan Enterprises",
      "Location": "Rawatsar",
      "District": "Hanumangarh",
      "Address": "Vill. 24 DWD, Sardarshahar Road, Rawatsar-335524",
      "Contact": "Hansraj Saharan",
      "Mob": "9414509966/9571126100/9829337269",
      "Email": "rawatsar@mahindrafes.com"
    },
    {
      "State": "Rajasthan",
      "AO": "Bikaner",
      "Name": "New Brar Enterprises",
      "Location": "Sriganganagar",
      "District": "Sriganganagar",
      "Address": "Near Shiv Circle, Suratgarh Road, Sriganganagar-335001",
      "Contact": "Kuldeep Singh Brar",
      "Mob": "9414022000",
      "Email": "nbe82@rediffmail.com"
    },
    {
      "State": "Rajasthan",
      "AO": "Bikaner",
      "Name": "Rahul Tractors",
      "Location": "Suratgarh",
      "District": "Sriganganagar",
      "Address": "Indira Circle, Ganganagar Road, Suratgarh-335804",
      "Contact": "Rajender Sihag",
      "Mob": "9414381241",
      "Email": "rahultractor@yahoo.in"
    },
    {
      "State": "Rajasthan",
      "AO": "Jaipur",
      "Name": "Shree Vinayak Tractors",
      "Location": "Kishangarh",
      "District": "Ajmer",
      "Address": "Handicrafts Market, Near Airpot, Madanganj, Kishangarh - 305801, Dist - Ajmer",
      "Contact": "Ram Chandra Godara",
      "Mob": "9413360770",
      "Email": "vtsmahindra@gmail.com"
    },
    {
      "State": "Rajasthan",
      "AO": "Jaipur",
      "Name": "Krishna Agency",
      "Location": "Ajmer",
      "District": "Ajmer",
      "Address": "Parbatpura Byepass,Jaipur Road,,Ajmer-305001,Dist -Ajmer",
      "Contact": "Pradeep Kumar Dadheech",
      "Mob": "9414048833 / 7742607007 / 9972053322",
      "Email": "pk.dadheech@gmail.com"
    },
    {
      "State": "Rajasthan",
      "AO": "Jaipur",
      "Name": "Sunidhi Tractors",
      "Location": "Alwar",
      "District": "Alwar",
      "Address": "Jai Marg Over bridge, Pratap Bass, Alwar - 301001 ,Dist- Alwar",
      "Contact": "Sumit Shukla",
      "Mob": "9828521601",
      "Email": "sumitshukla8055@gmail.com"
    },
    {
      "State": "Rajasthan",
      "AO": "Jaipur",
      "Name": "Kalptaru Automotives",
      "Location": "Jaipur",
      "District": "Jaipur",
      "Address": "10, Banshi Tower,Keshopura,Bhankrota, Ajmer Road,Jaipur - 302021",
      "Contact": "Raje Singh Bisht",
      "Mob": "9829045166",
      "Email": "ersbisht@gmail.com"
    },
    {
      "State": "Rajasthan",
      "AO": "Jaipur",
      "Name": "Sanu Motors",
      "Location": "Kothputli",
      "District": "Jaipur",
      "Address": "N.H.8, Near RTM, Kothputli-303108",
      "Contact": "Neeraj Yadav ",
      "Mob": "9982633345/\r\n9672982021/\r\n9828110345",
      "Email": "sanutractors@yahoo.co.in"
    },
    {
      "State": "Rajasthan",
      "AO": "Jodhpur",
      "Name": "Aapeshwar Motors",
      "Location": "Jalore",
      "District": "Jalore",
      "Address": "Near Krishi Mandi, Ahore Road, Jalore-343001",
      "Contact": "Bhagwana Ram",
      "Mob": "9414151168",
      "Email": "aapeshwarmotors1@rediffmail.com"
    },
    {
      "State": "Rajasthan",
      "AO": "Jodhpur",
      "Name": "Shree Naval Tractors",
      "Location": "Jodhpur",
      "District": "Jodhpur",
      "Address": "W5, Ricco Industrial Area, 9 Meal Mandor Industrial Area, Jodhpur - 342001, Dist - Jodhpur",
      "Contact": "Shree Narendra Singh",
      "Mob": "9983148930",
      "Email": "nrathore1857@gmail.com"
    },
    {
      "State": "Rajasthan",
      "AO": "Jodhpur",
      "Name": "Shri Ranabai Tractors & Motors",
      "Location": "Kuchaman City",
      "District": "Nagaur",
      "Address": "Near Kumawat Bhavan, Station Road, Kuchaman City  -341508, Dist - Nagaur",
      "Contact": "Omprakash",
      "Mob": "8107142393",
      "Email": "shreeranabaitractors@gmail.com"
    },
    {
      "State": "Rajasthan",
      "AO": "Kota",
      "Name": "Ambika Enterprises",
      "Location": "Chippabadot",
      "District": "Baran",
      "Address": "Yadav Mohalla, Iklera Road, Chippabadot-325221",
      "Contact": "Upendra Kumar Sharma",
      "Mob": "9829253142",
      "Email": "yogesh.gautam03@gmail.com"
    },
    {
      "State": "Rajasthan",
      "AO": "Kota",
      "Name": "Shri Ram Tractors Sales & Services",
      "Location": "Baran",
      "District": "Baran",
      "Address": "Near Ambedkar Circle, Atru Road,  Baran-325302",
      "Contact": "Mr. Kaushal Kishor Singhal",
      "Mob": "9983338142",
      "Email": "singhal06_brn@rediffmail.com"
    },
    {
      "State": "Rajasthan",
      "AO": "Kota",
      "Name": "Bundi Mahindra Tractors",
      "Location": "Bundi",
      "District": "Bundi",
      "Address": "New Grain Mandi Road, Bundi-323001",
      "Contact": "Shri Gopal Nuwal",
      "Mob": "9983875000",
      "Email": "bundimahindratractors@gmail.com"
    },
    {
      "State": "Rajasthan",
      "AO": "Kota",
      "Name": "Gupta & Mahindra Tractors",
      "Location": "Jhalawar",
      "District": "Jhalawar",
      "Address": "Satyam Tower, Bhopal Bypass Road, Jhalrapatan-326023, Dist. Jhalawar",
      "Contact": "Raj Kumar Gupta",
      "Mob": "9414193546",
      "Email": "guptatractors@gmail.com"
    },
    {
      "State": "Rajasthan",
      "AO": "Kota",
      "Name": "Yadav Tractors",
      "Location": "Kota",
      "District": "Kota",
      "Address": "F-316, IPIA Road No.6, Bhamashah Krishi Upaj Mandi, Kota-324005",
      "Contact": "Ramesh Kumar Yadav",
      "Mob": "9414188396/9829335444",
      "Email": "yadavtractors_kota@yahoo.com"
    },
    {
      "State": "Rajasthan",
      "AO": "Kota",
      "Name": "Shri Agrasain Tractor and Motors",
      "Location": "Bonli",
      "District": "Sawai Madhopur",
      "Address": "Newai Road,Bonli-322023,Dist -Sawai Madhopur",
      "Contact": "Vinod Kumar Garg",
      "Mob": "9001519339",
      "Email": "agrasaintractorsbonli@gmail.com"
    },
    {
      "State": "Rajasthan",
      "AO": "Kota",
      "Name": "Satyam Tractors",
      "Location": "Todaraisingh",
      "District": "Tonk",
      "Address": "Dhakar Colony,Near Chungi Naka,Jaipur Road,Todaraisingh-304505,Dist -Tonk",
      "Contact": "Tej Singh Naruka",
      "Mob": "9829084499",
      "Email": "tej.naruka@yahoo.com"
    },
    {
      "State": "Rajasthan",
      "AO": "Kota",
      "Name": "Singhal Tractors",
      "Location": "Tonk",
      "District": "Tonk",
      "Address": "Singhal Dweep, Kota Road, Tonk-304001",
      "Contact": "Mr. Rajeev Singhal ",
      "Mob": "9414204167/9414045167",
      "Email": "amitsinghalfms@gmail.com"
    },
    {
      "State": "Rajasthan",
      "AO": "Udaipur",
      "Name": "New Bhagyodaya Stores",
      "Location": "Banswara",
      "District": "Banswara",
      "Address": "Opp. Old Octroi, Ratlam Road, Banswara-327001",
      "Contact": "Dharnidhar Pandya ",
      "Mob": "9414101225",
      "Email": "banswara@mahindrafes.com"
    }
  ],
  "Tamil Nadu": [ {
    "State": "Tamil Nadu",
    "Name": "Bharani Motors",
    "Location": "Attur",
    "District": "Salem",
    "Address": "D.No.24/19, S.No.13/5,Opp to Hotel Ramas Coffee,Bypass Road, Thennangudi Palayam,Attur-636108,Dist -Salem"
},
{
    "State": "Tamil Nadu",
    "Name": "R K Automobile",
    "Location": "Cuddalore",
    "District": "Cuddalore",
    "Address": "Varsha Garden, Chidamparam Road, Pachayankuppam, Cuddalore-607003"
},
{
    "State": "Tamil Nadu",
    "Name": "Amman Auto Agency",
    "Location": "Harur",
    "District": "Dharmapuri",
    "Address": "Salem Main Road ,Harur-636903 Dist. Dharmapuri"
},
{
    "State": "Tamil Nadu",
    "Name": "Cai Industries Pvt. Ltd.",
    "Location": "Hosur",
    "District": "Krishnagiri",
    "Address": "S.F. No.321 Bathalapalli Village, Krishnagiri Main Road, Hosur - 635109, Dist - Krishnagiri"
},
{
    "State": "Tamil Nadu",
    "Name": "Sri Thirumala Tractors",
    "Location": "Hosur",
    "District": "Krishnagiri",
    "Address": "Ground Floor, Plot No 37,Maruthi Complex,Indhrapuri Nagar,Opp LUK India , Rayakotta Road,Hosur-635109,Dist -Krishnagiri"
},
{
    "State": "Tamil Nadu",
    "Name": "Bharani Motors",
    "Location": "Kallakurichi",
    "District": "Villupuram",
    "Address": "No.156 Salem Main Road Emapper Post Kallakurichi-606202"
},
{
    "State": "Tamil Nadu",
    "Name": "N.Dasarathy & Sons",
    "Location": "Kumbakonam",
    "District": "Thanjavur",
    "Address": "No. 37-38 Nageswaran North Street, Kumbakonam-612001."
},
{
    "State": "Tamil Nadu",
    "Name": "Sri Sudhan Tractors",
    "Location": "Madurai",
    "District": "Madurai",
    "Address": "NO. 4/1098, Sikkandar Chavadi,Elango Nagar,Podhumbu,Madurai-625018,Dist -Madurai"
},
{
    "State": "Tamil Nadu",
    "Name": "Sri Sakthi Tractors",
    "Location": "Maduranthagam",
    "District": "Kanchipuram",
    "Address": "GST Road, Silavattam Village, Pakkam Post, Maduranthagam - 603306, Dist - Kanchipuram"
},
{
    "State": "Tamil Nadu",
    "Name": "Majestic Mahindra (Tractors) Pvt. Ltd.",
    "Location": "Mayiladuturai",
    "District": "Nagapattinam",
    "Address": "Vallalar Koil South Car Street Poompuhar Salai Mayiladuturai-609001"
},
{
    "State": "Tamil Nadu",
    "Name": "Arunai Motors",
    "Location": "Polur",
    "District": "Tiruvanamalai ",
    "Address": "Survey No. 564/ 1 & 2 C. C. Road  Polur-606803 Dist. Triruvannamalai"
},
{
    "State": "Tamil Nadu",
    "Name": "Aishwarya Lakshmi Motors Unit of Tyche Vimpex Pvt. Ltd.",
    "Location": "Ponneri",
    "District": "Tiruvallur",
    "Address": "3/15, GNT Road, Vijayanallur Sholavaram, Ponneri - 600067, Dist -Ponneri"
},
{
    "State": "Tamil Nadu",
    "Name": "Cai Industries Ltd",
    "Location": "Pvelur",
    "District": "Namakkal",
    "Address": "24A, Paramathi Main Road, Paramathivelur ,Pvelur-638182"
},
{
    "State": "Tamil Nadu",
    "Name": "Adhi Tractors",
    "Location": "Tindivanam",
    "District": "Villupuram",
    "Address": "1, Vandavasi Road, Sandamedu, Villupuram, Tamil Nadu - 604001"
},
{
    "State": "Tamil Nadu",
    "Name": "Sri Lakshmi Tractors",
    "Location": "Tiruttani",
    "District": "Tiruvallur",
    "Address": "22 , Gokul Garden ,Pattabhirama Puram,Thiruvallur,Tiruttani-631209,Dist -Thiruvallur"
},
{
    "State": "Tamil Nadu",
    "Name": "Dharani Motors",
    "Location": "Vellore",
    "District": "Vellore",
    "Address": "SF No.37/15 A-1, Chennai to Bangalore NH Road, Perumugai, Vellore  - 632009"
},
{
    "State": "Tamil Nadu",
    "Name": "Vasavi Motors",
    "Location": "Villupuram",
    "District": "Villupuram",
    "Address": "53/4, Gingee Main Road, T. Mettapalayam, Post - Tal - Villupuram - 605601"
},
{
    "State": "Tamil Nadu",
    "Name": "Balamurugan Auto Point",
    "Location": "Walajapet",
    "District": "Vellore",
    "Address": "SF 264,Madras-Bombay Trunk Road,Balaji Nagar, Amman Thangal,Walajapet-632513,Dist -Vellore"
},
{
    "State": "Tamil Nadu",
    "Name": "Max Automobiles",
    "Location": "Kanchipuram",
    "District": "Kanchipuram",
    "Address": "66, Kanchipuram Chengalpattu Main Road,Nathapet,,Kanchipuram-631601,Dist -Kanchipuram"
},
{
    "State": "Tamil Nadu",
    "Name": "Bharani Motors",
    "Location": "Salem",
    "District": "Salem",
    "Address": "239/3 , Byepass Road,Oppsite to Nexa Showroom,Kondalampatti,Salem-636010,Dist -Salem"
},
{
    "State": "Tamil Nadu",
    "Name": "Max Automobiles",
    "Location": "Polur",
    "District": "Tiruvanamalai ",
    "Address": "Survey No. 801, Sri Krishna Complex,Opp. Big Anchaneyar Temple,C.C.Road,Polur-606803,Dist -Tiruvannamalai"
},
{
    "State": "Tamil Nadu",
    "Name": "Vasavi Motors",
    "Location": "Ariyalur",
    "District": "Ariyalur",
    "Address": "Jayamkondam Road, Ariyalur  621704, Dist - Ariyalur"
},
{
    "State": "Tamil Nadu",
    "Name": "Sre Thangamman Tractors",
    "Location": "Coimbatore",
    "District": "Coimbatore",
    "Address": "No-//215 J,Avinashi Road,Coimbatore-641014,Dist- Coimbatore"
},
{
    "State": "Tamil Nadu",
    "Name": "Bhagavathi Tractors",
    "Location": "Dindigul",
    "District": "Dindigul",
    "Address": "213, TKT Complex,Opp RMTC Bus Depot,Palani - Madurai Byepass Road,Dindigul-624002,Dist -Dindigul"
},
{
    "State": "Tamil Nadu",
    "Name": "Jaisakthi Tractors",
    "Location": "Erode",
    "District": "Erode",
    "Address": "Veerappampalayam Bye pass, Nasiyanur Road, Erode - 638011"
},
{
    "State": "Tamil Nadu",
    "Name": "Malar Motor & Farm Equipment",
    "Location": "Perambalur",
    "District": "Perambalur",
    "Address": "Thiruvalluvar 2nd Street,Plot No. 1,2 and 3,Ariyalur Main Road , Four Road,Perambalur-621212,Dist -Perambalur"
},
{
    "State": "Tamil Nadu",
    "Name": "Sendoor Tractors",
    "Location": "Gobichettipalayam",
    "District": "Erode",
    "Address": "Erode Main Road,No 1, Lotus Nagar,Kullampalayam,Gobichettipalayam-638476,Dist -Erode"
},
{
    "State": "Tamil Nadu",
    "Name": "Thendral Motors",
    "Location": "Kadyanallur",
    "District": "Tirunelveli",
    "Address": "No. 172 B, Main Road Kadayanallur Tenkasi Taluk, Kadyanallur-627751. Dist-Tirunelveli"
},
{
    "State": "Tamil Nadu",
    "Name": "Chettinad Tractors",
    "Location": "Karaikudi",
    "District": "Sivagangai",
    "Address": "D. NO.53/26,Churh 3rd Street,T.T. Nagar,Karaikudi - 630001,Dist -Sivagangai"
},
{
    "State": "Tamil Nadu",
    "Name": "Adharvaa Tractors & Farm Equipments",
    "Location": "Karur",
    "District": "Karur",
    "Address": "NO 37, Salem Bypass Road,Periyakulathupalayam,Vengamedu Post,Karur-639006,Dist -Karur"
},
{
    "State": "Tamil Nadu",
    "Name": "Shakti Engineerings",
    "Location": "Nagercoil",
    "District": "Kanyakumari",
    "Address": "739/1, Upstairs,M.S.Road,Vadasery,Nagercoil-629001,Dist -Kanyakumari"
},
{
    "State": "Tamil Nadu",
    "Name": "Jaisakthi Agencies",
    "Location": "Pollachi",
    "District": "Coimbatore",
    "Address": "SF.NO.30, Plladam Road,  Pollachi  -642002, Dist - Coimbatore"
},
{
    "State": "Tamil Nadu",
    "Name": "Sakthi Tractors",
    "Location": "Pudukkottai",
    "District": "Pudukkottai",
    "Address": "160/13 A2, Kumaran Nagar, Alangudi Road , Pudukkottai, Tamil Nadu, 622001"
},
{
    "State": "Tamil Nadu",
    "Name": "Aadithya Tractors",
    "Location": "Rajapalayam",
    "District": "Virudunagar",
    "Address": "Plot No 18,19, Akshaya Hi-tech city, Survey no 147/2 A3, Madurai Road, Rajapalayam - 626117, Dist - Virudunagar"
},
{
    "State": "Tamil Nadu",
    "Name": "Sakthi Tractors",
    "Location": "Thanjavur",
    "District": "Thanjavur",
    "Address": "Plot No.11,12,15,16 Rahman Nagar, Medical college road, Tanjavur -613004"
},
{
    "State": "Tamil Nadu",
    "Name": "Sri Ayyanar Motors",
    "Location": "Theni",
    "District": "Theni",
    "Address": "Opp. Aravind Eye Hospital, No. 155/3, Periyakulam Main Road   Theni-625531"
},
{
    "State": "Tamil Nadu",
    "Name": "Sri Venkateasa Automobiles",
    "Location": "Thuraiyur",
    "District": "Trichy",
    "Address": "No -1542 & 1543 Aravish Complex,Near to CSI School,Thuraiyur-621010,Dist - Trichy"
},
{
    "State": "Tamil Nadu",
    "Name": "Podhigai Motors",
    "Location": "Tirunelveli",
    "District": "Tirunelveli",
    "Address": "1-278, Thiruchendur Road V.M. Chatram  Tirunelveli-627011"
},
{
    "State": "Tamil Nadu",
    "Name": "Essor Motors",
    "Location": "Trichy",
    "District": "Tiruchirapalli",
    "Address": "3/6A, Dindugal Main Road, Ramji Nagar, Trichy - 620009, Dist - Tiruchirapalli"
}],
  "Telangana": [
    {
      "State": "Telangana",
      "AO": "Secunderabad",
      "Name": "Venkata Ramana Automobiles Pvt. Ltd.",
      "Location": "Khammam",
      "District": "Khammam",
      "Address": "Gopalpuram, Near Relish Dhab, Khammam-507001",
      "Contact": "Vikas Chowdhary",
      "Mob": "9642649999",
      "Email": "khammammss@gmail.com"
    },
    {
      "State": "Telangana",
      "AO": "Secunderabad",
      "Name": "Sai Krishna Agencies",
      "Location": "Medak",
      "District": "Medak",
      "Address": "MH- 9, Hyderabad Road, Opp. Mayura Theatre  Medak-502110",
      "Contact": "M. Sai Krishna",
      "Mob": "9885843557",
      "Email": "ska_medak@yahoo.co.in"
    },
    {
      "State": "Telangana",
      "AO": "Secunderabad",
      "Name": "Saridena Motors",
      "Location": "Siddipet",
      "District": "Medak",
      "Address": "H.No.18-54,  Near New Bus Stand ,Siddipet-502103",
      "Contact": "Saridena Narsinga Rao",
      "Mob": "9490136669",
      "Email": "saridenamotors@gmail.com"
    },
    {
      "State": "Telangana",
      "AO": "Secunderabad",
      "Name": "Sri Jayarama Automotives Pvt.Ltd",
      "Location": "Mehbubnagar",
      "District": "Mehbubnagar",
      "Address": "Mettagadda Road, Mehbubnagar-509002",
      "Contact": "Mr.B.Ram Reddy",
      "Mob": "9440797333",
      "Email": "sjrm_md@yahoo.co.in"
    },
    {
      "State": "Telangana",
      "AO": "Secunderabad",
      "Name": "Sreenivasa Mechanical Works",
      "Location": "Kodad",
      "District": "Nalgonda",
      "Address": "A-77 Mella Cheruvu Road  Kodad-508206",
      "Contact": "Ch. Prabhakar Rao",
      "Mob": "9912788911 / 9666443766",
      "Email": "smwkodad@gmail.com"
    },
    {
      "State": "Telangana",
      "AO": "Secunderabad",
      "Name": "Vamshi Motors (P) Ltd.",
      "Location": "Miryalguda",
      "District": "Nalgonda",
      "Address": "Sagar Road Miryalaguda  Miryalguda-508207",
      "Contact": "Mr.P.Nageshwar Rao  ",
      "Mob": "9848129300; 9848453880",
      "Email": "vamshimotors@gmail.com"
    },
    {
      "State": "Telangana",
      "AO": "Secunderabad",
      "Name": "Kakateeya Tractors",
      "Location": "Warangal",
      "District": "Warangal",
      "Address": "House No 3-16-326/1 Mulugu X-Roads  Warangal-506002",
      "Contact": "B.Rajeshwar Rao",
      "Mob": "9949588901",
      "Email": "kakateeyatractors@gmail.com"
    }
  ],
  "West UP": [
    {
      "State": "UP  West",
      "AO": "Lucknow - Bundelkhand",
      "Name": "Shri Kamadgiri Tractors",
      "Location": "Karwi",
      "District": "Chitrakoot",
      "Address": "Indian Oil petrol Pump, At & Po Karwi, Purani Bazzar,  Karwi-210205",
      "Contact": "Vivek Kumar Agrawal",
      "Mob": "9415143086 /8090448486",
      "Email": "vivekagrawal1964@yahoo.co.in"
    },
    {
      "State": "UP  West",
      "AO": "Lucknow - Bundelkhand",
      "Name": "Singh Automobiles",
      "Location": "Fatehpur",
      "District": "Fatehpur",
      "Address": "371, Hariharganj, Banda - Sagar Road, Fatehpur-212601",
      "Contact": "Mr. Dharmendra Singh Bhadauria",
      "Mob": "9554539000\\ 9554519000",
      "Email": "singhtractor@gmail.com"
    },
    {
      "State": "UP  West",
      "AO": "Lucknow - Bundelkhand",
      "Name": "Balaji Tractors",
      "Location": "Konch",
      "District": "Jalaun",
      "Address": "Near Minsif Court,Orai Road, Konch-285205,Dist- Jalaun",
      "Contact": "Mr. Manoj Kumar Patel",
      "Mob": "9415414129",
      "Email": "balajitractorskonch@gmail.com"
    },
    {
      "State": "UP  West",
      "AO": "Lucknow - Bundelkhand",
      "Name": "Shri Babaji Tractors",
      "Location": "Orai",
      "District": "Jalaun",
      "Address": "4386 / 1, Patel Nagar, Kalpi Road, Orai-285001, Dist - Jalaun",
      "Contact": "Hevendra Singh",
      "Mob": "7379377777",
      "Email": "shreebabajitractorsorai@rediffmail.com"
    },
    {
      "State": "UP  West",
      "AO": "Lucknow - Bundelkhand",
      "Name": "Dhruv Tara Automobiles Pvt. Ltd.",
      "Location": "Mauranipur",
      "District": "Jhansi",
      "Address": "Nagaria Parisar, Jhansi-Khajuraho Road, Mauranipur-284204",
      "Contact": "Janardan Nagaria",
      "Mob": "9415030951",
      "Email": "dhruvataramau@rediffmail.com"
    },
    {
      "State": "UP  West",
      "AO": "Lucknow - Bundelkhand",
      "Name": "Mukhraiya Automobiles",
      "Location": "Moth",
      "District": "Jhansi",
      "Address": "Main Road, Moth-284303, Dist-Jhansi",
      "Contact": "Hare Krishna Mukhraiya",
      "Mob": "9415187338",
      "Email": "hkmukhariya@rediffmail.com"
    },
    {
      "State": "UP  West",
      "AO": "Lucknow - Bundelkhand",
      "Name": "Anandeshwar Tractors",
      "Location": "Kannauj",
      "District": "Kannauj",
      "Address": "Tirwa Crossing, Kannauj-209727,Dist. Kannauj",
      "Contact": "Kush Kumar Dwivedi",
      "Mob": "8009574200, 8009574200",
      "Email": "anandeshwartractor@gmail.com"
    },
    {
      "State": "UP  West",
      "AO": "Lucknow - Bundelkhand",
      "Name": "Vinayak Motors",
      "Location": "Akbarpur",
      "District": "Kanpur Dehat",
      "Address": "Ward No.6,Mohalla Neharu Nagar,Block Road,Akbarpur-209101,Dist -Kanpur Dehat",
      "Contact": "Vijay Kumar Gupta",
      "Mob": "9415536066",
      "Email": "vinayakmotors8@gmail.com"
    },
    {
      "State": "UP  West",
      "AO": "Lucknow - Bundelkhand",
      "Name": "S.S Tractors ",
      "Location": "Bhognipur",
      "District": "Kanpur Dehat",
      "Address": "Main Road, Bhognipur-209111, Dist -Kanpur Dehat",
      "Contact": "Manmohan Singh Saluja",
      "Mob": "9415537804, 9935111555",
      "Email": "sstractors@gmail.com"
    },
    {
      "State": "UP  West",
      "AO": "Lucknow - Central",
      "Name": "Aryan Motors",
      "Location": "Barabanki",
      "District": "Barabanki",
      "Address": "Palhari Chouraha, Faizabad Road, Barabanki-226001, Dist - Barabanki",
      "Contact": "Mr. Virender Singh ",
      "Mob": "9415139647/7704045857/9026507176",
      "Email": "aryanmotorsbbk@gmail.com"
    },
    {
      "State": "UP  West",
      "AO": "Lucknow - Central",
      "Name": "Bhatti Tractors",
      "Location": "Fatehpur",
      "District": "Barabanki",
      "Address": "Hariyali Complex, Tehsil Road, Fatehpur - 225305, Dist Barabanki",
      "Contact": "Mohd Rashid",
      "Mob": "8860593230",
      "Email": "rashid.khan04@gmail.com"
    },
    {
      "State": "UP  West",
      "AO": "Lucknow - Central",
      "Name": "Shakti Agencies",
      "Location": "Raebareli",
      "District": "Raebareli",
      "Address": "Civil Lines, Raebarielly-229001",
      "Contact": "Sanjay Sabarwal",
      "Mob": "9415034084\\9044927695",
      "Email": "sanjayrbl123@gmail.com"
    },
    {
      "State": "UP  West",
      "AO": "Lucknow - Central",
      "Name": "Shri Siddhi Vinayak Tractors",
      "Location": "Mahmudabad",
      "District": "Sitapur",
      "Address": "Nai Bazar ,Biswan Road,,Mahmudabad-261203,Dist -Sitapur",
      "Contact": "Anil Kumar Awasthi",
      "Mob": "8887683858",
      "Email": "shrivinayak.mahindra@gmail.com"
    },
    {
      "State": "UP  West",
      "AO": "Lucknow - Central",
      "Name": "Anant Automobile",
      "Location": "Unnao",
      "District": "Unnao",
      "Address": "Village - Baktu Khera, Post - Ajgain, Unnao - 209801, Dist. Unnao",
      "Contact": "Rishi Pratap Singh ",
      "Mob": "9936609106",
      "Email": "annantautomobile@gmail.com"
    },
    {
      "State": "UP  West",
      "AO": "Lucknow - West",
      "Name": "Deo Tractors",
      "Location": "Harraiya ",
      "District": "Basti",
      "Address": "NH - 25,Vill - Atwa,,Harraiya -272003,Dist-Basti",
      "Contact": "Awdhesh Singh ",
      "Mob": "9415037148",
      "Email": "devagro5151@gmail.com"
    },
    {
      "State": "UP  West",
      "AO": "Lucknow - West",
      "Name": "Sunil Tractor",
      "Location": "Salempur",
      "District": "Deoria",
      "Address": "Village and Post - Haraiya, Salempur-274509, Dist - Deoria",
      "Contact": "Ramavati Devi",
      "Mob": "9838212146",
      "Email": "suniltractors3668@gmail.com"
    },
    {
      "State": "UP  West",
      "AO": "Lucknow - West",
      "Name": "Geeta Tractors",
      "Location": "Faizabad",
      "District": "Faizabad",
      "Address": "10, Station Road, Faizabad-224001",
      "Contact": "Shyam pal Chopra",
      "Mob": "9415047687",
      "Email": "gaganchopra1431@gmail.com"
    },
    {
      "State": "UP  West",
      "AO": "Lucknow - West",
      "Name": "N. K. Enterprises",
      "Location": "Gonda",
      "District": "Gonda",
      "Address": "Ambedkar Chouraha, Civil Lines, Gonda - 271001",
      "Contact": "Ghanshyam Shukla",
      "Mob": "9984914233",
      "Email": "nkinterprises222@gmail.com"
    },
    {
      "State": "UP  West",
      "AO": "Lucknow - West",
      "Name": "Om Shree Sadguru Tractors",
      "Location": "Wazirganj",
      "District": "Gonda",
      "Address": "Faizabad - Gonda Road,Tehsil - Tarabganj,Wajirganj-271124,Dist -Gonda",
      "Contact": "Sushil Kumar Jaiswal",
      "Mob": "9839461051",
      "Email": "omshreesadgurutractors@gmail.com"
    },
    {
      "State": "UP  West",
      "AO": "Lucknow - West",
      "Name": "Sarita Tractors",
      "Location": "Gorakhpur",
      "District": "Gorakhpur",
      "Address": "NH-28,,Near Taramandal Road,,Gorakhpur - 273016,Dist -Gorakhpur",
      "Contact": "Vijay Kumar Dubey",
      "Mob": "9839128105",
      "Email": "vijaydubey2072@gmail.com"
    },
    {
      "State": "UP  West",
      "AO": "Lucknow - West",
      "Name": "Seorahi Tractors",
      "Location": "Seorahi",
      "District": "Kushinagar",
      "Address": "Ward No. 10, Azad Nagar, Seorahi -274406, Dist - Kushinagar",
      "Contact": "Museer Ahmad ",
      "Mob": "9919352086",
      "Email": "ahmadzahir786@gmail.com"
    },
    {
      "State": "UP  West",
      "AO": "Lucknow - West",
      "Name": "Pandey Automobiles",
      "Location": "Maharajganj",
      "District": "Maharajganj",
      "Address": "Shashtri Nagar,Ward No. 19,Plot no.35,Maharajganj - 273303,Dist -Maharajganj",
      "Contact": "Kapil Dev pandey",
      "Mob": "8400733441",
      "Email": "psujeet1992@gmail.com"
    },
    {
      "State": "UP  West",
      "AO": "Lucknow - West",
      "Name": "Singh Automobiles",
      "Location": "Itwabazaar",
      "District": "Siddharth Nagar",
      "Address": "Itwa-Bansi Road, ItwaBazaar-272192",
      "Contact": "Mr. Udai Pratap Singh",
      "Mob": "9450553684",
      "Email": "singhautomobilesitwa@gmail.com"
    },
    {
      "State": "UP  West",
      "AO": "Varanasi",
      "Name": "National Tractors",
      "Location": "Azamgarh",
      "District": "Azamgarh",
      "Address": "Civil Line,Near Roadways, Azamgarh-276001,Dist - Azamgarh",
      "Contact": "Parvez Ahmad Khan",
      "Mob": "9984669045",
      "Email": "mahindra.azamgarh@gmail.com"
    },
    {
      "State": "UP  West",
      "AO": "Varanasi",
      "Name": "Shresth Tractors",
      "Location": "Maharajganj",
      "District": "Azamgarh",
      "Address": "Kasba & Post - Maharajganj,Tehsil - Sagri,Maharajganj-276137 Dist -Azamgarh",
      "Contact": "Anita Jaiswal",
      "Mob": "9554968165 / 9554968167",
      "Email": "shresthtractors@rediffmail.com"
    },
    {
      "State": "UP  West",
      "AO": "Varanasi",
      "Name": "Shubham Enterprises",
      "Location": "Chandauli",
      "District": "Chandauli",
      "Address": "NH-2,Bharathi Kamraur,Naubatpur,Chandauli-232110, Dist - Chandauli",
      "Contact": "Mahendra Kumar ",
      "Mob": "9670516161 / 7408404248",
      "Email": "shubham.enterprises61@gmail.com"
    },
    {
      "State": "UP  West",
      "AO": "Varanasi",
      "Name": "Bharat Enterprises",
      "Location": "Jaunpur",
      "District": "Jaunpur",
      "Address": "Near TDM office, Faizabad , Jaunpur - 222002",
      "Contact": "pramod Kumar Singh",
      "Mob": "9838506884",
      "Email": "enterprises.bharat07@gmail.com"
    },
    {
      "State": "UP  West",
      "AO": "Varanasi",
      "Name": "Vimla Tractors",
      "Location": "Mau",
      "District": "Mau",
      "Address": "In front of S.P. Office,Mill Road, Pardahan,Maunath Bhanjan,Mau-275101,Dist -Mau",
      "Contact": "Madhwendra Bahadur Singh",
      "Mob": "7309744181",
      "Email": "tractorvimala523@gmail.com"
    },
    {
      "State": "UP  West",
      "AO": "Varanasi",
      "Name": "Ajit Auto Sales",
      "Location": "Bhadohi",
      "District": "Sant Ravidas Nagar",
      "Address": "Patel Nagar, Gyanpur S R N, Bhadohi - 221401, Dist -Sant Ravidas Nagar ",
      "Contact": "Ajit Kumar Singh",
      "Mob": "9935888788",
      "Email": "ajitautosales@gmail.com"
    },
    {
      "State": "UP  West",
      "AO": "Varanasi",
      "Name": "Raj Automobiles",
      "Location": "Duddhi",
      "District": "Sonbhadra",
      "Address": "Ward No.2, Main Road, Duddhi - 231208, Dist - Sonebhadra",
      "Contact": "Rajesh Kumar",
      "Mob": "9415251791",
      "Email": "rajeshsingh.mahindra@gmail.com"
    }
  ]
}